,방향,시력,경로
0,right,0.1,eyezoa/static/image/eyetest\0.1\right.jpg
1,down,0.15,eyezoa/static/image/eyetest\0.15\down.jpg
2,up,0.2,eyezoa/static/image/eyetest\0.2\up.jpg
3,down,0.3,eyezoa/static/image/eyetest\0.3\down.jpg
4,right,0.4,eyezoa/static/image/eyetest\0.4\right.jpg
5,right,0.5,eyezoa/static/image/eyetest\0.5\right.jpg
6,down,0.6,eyezoa/static/image/eyetest\0.6\down.jpg
7,down,0.7,eyezoa/static/image/eyetest\0.7\down.jpg
8,left,0.8,eyezoa/static/image/eyetest\0.8\left.jpg
9,left,0.9,eyezoa/static/image/eyetest\0.9\left.jpg
10,left,1.0,eyezoa/static/image/eyetest\1.0\left.jpg
11,down,1.2,eyezoa/static/image/eyetest\1.2\down.jpg
12,right,1.5,eyezoa/static/image/eyetest\1.5\right.jpg
13,left,2.0,eyezoa/static/image/eyetest\2.0\left.jpg
