"연령별(1)","성별(1)",2011,2011,2011,2011,2011,2011,2011,2011,2011,2011,2011,2011,2011,2011,2011,2011,2012,2012,2012,2012,2012,2012,2012,2012,2012,2012,2012,2012,2012,2012,2012,2012,2013,2013,2013,2013,2013,2013,2013,2013,2013,2013,2013,2013,2013,2013,2013,2013,2014,2014,2014,2014,2014,2014,2014,2014,2014,2014,2014,2014,2014,2014,2014,2014,2015,2015,2015,2015,2015,2015,2015,2015,2015,2015,2015,2015,2015,2015,2015,2015,2016,2016,2016,2016,2016,2016,2016,2016,2016,2016,2016,2016,2016,2016,2016,2016,2017,2017,2017,2017,2017,2017,2017,2017,2017,2017,2017,2017,2017,2017,2017,2017,2018,2018,2018,2018,2018,2018,2018,2018,2018,2018,2018,2018,2018,2018,2018,2018,2019,2019,2019,2019,2019,2019,2019,2019,2019,2019,2019,2019,2019,2019,2019,2019,2020,2020,2020,2020,2020,2020,2020,2020,2020,2020,2020,2020,2020,2020,2020,2020
"연령별(1)","성별(1)",좌안 시력,좌안 시력,좌안 시력,좌안 시력,좌안 시력,좌안 시력,좌안 시력,좌안 시력,우안 시력,우안 시력,우안 시력,우안 시력,우안 시력,우안 시력,우안 시력,우안 시력,좌안 시력,좌안 시력,좌안 시력,좌안 시력,좌안 시력,좌안 시력,좌안 시력,좌안 시력,우안 시력,우안 시력,우안 시력,우안 시력,우안 시력,우안 시력,우안 시력,우안 시력,좌안 시력,좌안 시력,좌안 시력,좌안 시력,좌안 시력,좌안 시력,좌안 시력,좌안 시력,우안 시력,우안 시력,우안 시력,우안 시력,우안 시력,우안 시력,우안 시력,우안 시력,좌안 시력,좌안 시력,좌안 시력,좌안 시력,좌안 시력,좌안 시력,좌안 시력,좌안 시력,우안 시력,우안 시력,우안 시력,우안 시력,우안 시력,우안 시력,우안 시력,우안 시력,좌안 시력,좌안 시력,좌안 시력,좌안 시력,좌안 시력,좌안 시력,좌안 시력,좌안 시력,우안 시력,우안 시력,우안 시력,우안 시력,우안 시력,우안 시력,우안 시력,우안 시력,좌안 시력,좌안 시력,좌안 시력,좌안 시력,좌안 시력,좌안 시력,좌안 시력,좌안 시력,우안 시력,우안 시력,우안 시력,우안 시력,우안 시력,우안 시력,우안 시력,우안 시력,좌안 시력,좌안 시력,좌안 시력,좌안 시력,좌안 시력,좌안 시력,좌안 시력,좌안 시력,우안 시력,우안 시력,우안 시력,우안 시력,우안 시력,우안 시력,우안 시력,우안 시력,좌안 시력,좌안 시력,좌안 시력,좌안 시력,좌안 시력,좌안 시력,좌안 시력,좌안 시력,우안 시력,우안 시력,우안 시력,우안 시력,우안 시력,우안 시력,우안 시력,우안 시력,좌안 시력,좌안 시력,좌안 시력,좌안 시력,좌안 시력,좌안 시력,좌안 시력,좌안 시력,우안 시력,우안 시력,우안 시력,우안 시력,우안 시력,우안 시력,우안 시력,우안 시력,좌안 시력,좌안 시력,좌안 시력,좌안 시력,좌안 시력,좌안 시력,좌안 시력,좌안 시력,우안 시력,우안 시력,우안 시력,우안 시력,우안 시력,우안 시력,우안 시력,우안 시력
"연령별(1)","성별(1)",소계,0.1 이하,0.2-0.4,0.5-0.7,0.8-1.0,1.1-1.5,1.6-2.0,기타,소계,0.1 이하,0.2-0.4,0.5-0.7,0.8-1.0,1.1-1.5,1.6-2.0,기타,소계,0.1 이하,0.2-0.4,0.5-0.7,0.8-1.0,1.1-1.5,1.6-2.0,기타,소계,0.1 이하,0.2-0.4,0.5-0.7,0.8-1.0,1.1-1.5,1.6-2.0,기타,소계,0.1 이하,0.2-0.4,0.5-0.7,0.8-1.0,1.1-1.5,1.6-2.0,기타,소계,0.1 이하,0.2-0.4,0.5-0.7,0.8-1.0,1.1-1.5,1.6-2.0,기타,소계,0.1 이하,0.2-0.4,0.5-0.7,0.8-1.0,1.1-1.5,1.6-2.0,기타,소계,0.1 이하,0.2-0.4,0.5-0.7,0.8-1.0,1.1-1.5,1.6-2.0,기타,소계,0.1 이하,0.2-0.4,0.5-0.7,0.8-1.0,1.1-1.5,1.6-2.0,기타,소계,0.1 이하,0.2-0.4,0.5-0.7,0.8-1.0,1.1-1.5,1.6-2.0,기타,소계,0.1 이하,0.2-0.4,0.5-0.7,0.8-1.0,1.1-1.5,1.6-2.0,기타,소계,0.1 이하,0.2-0.4,0.5-0.7,0.8-1.0,1.1-1.5,1.6-2.0,기타,소계,0.1 이하,0.2-0.4,0.5-0.7,0.8-1.0,1.1-1.5,1.6-2.0,기타,소계,0.1 이하,0.2-0.4,0.5-0.7,0.8-1.0,1.1-1.5,1.6-2.0,기타,소계,0.1 이하,0.2-0.4,0.5-0.7,0.8-1.0,1.1-1.5,1.6-2.0,기타,소계,0.1 이하,0.2-0.4,0.5-0.7,0.8-1.0,1.1-1.5,1.6-2.0,기타,소계,0.1 이하,0.2-0.4,0.5-0.7,0.8-1.0,1.1-1.5,1.6-2.0,기타,소계,0.1 이하,0.2-0.4,0.5-0.7,0.8-1.0,1.1-1.5,1.6-2.0,기타,소계,0.1 이하,0.2-0.4,0.5-0.7,0.8-1.0,1.1-1.5,1.6-2.0,기타,소계,0.1 이하,0.2-0.4,0.5-0.7,0.8-1.0,1.1-1.5,1.6-2.0,기타
"계","합계",11070569,151956,809720,2050483,4360250,3512604,145119,40437,11070569,154576,812001,2039710,4364846,3493083,130366,75987,11415301,134193,822200,2135806,4511504,3637984,136381,37233,11377978,136696,824991,2123844,4531453,3609146,119395,32453,11377411,128621,811261,2142569,4504855,3624060,129169,36876,11381295,132450,818317,2141222,4537142,3598555,113016,40593,12301581,133348,845393,2304121,4906634,3937482,132040,42563,12301581,137906,856088,2304111,4934732,3910983,115374,42387,14025411,146599,940047,2636683,5622591,4483857,147348,48286,14025411,151692,952408,2633252,5651838,4459447,128538,48236,14548392,148079,948905,2753935,5894638,4609323,144390,49122,14548392,152642,961137,2745615,5937871,4575818,126629,48680,14805207,145800,951604,2827157,6054959,4642413,133808,49466,14805207,151740,966773,2814221,6099580,4606251,117961,48681,15076899,144555,952019,2898888,6208764,4696718,127047,48908,15076899,149482,965838,2881103,6259017,4661151,111860,48448,16094992,158409,1019727,3126368,6689838,4921026,133948,45676,16094992,165210,1039182,3098621,6752090,4876722,117705,45462,14457022,134735,894598,2815973,6093059,4363742,115919,38996,14457022,141001,903292,2790146,6140038,4341026,102896,38623
"계","남자",6117787,66838,312168,928650,2356250,2323867,108226,21788,6117787,66901,311445,921498,2356656,2319432,99196,42659,6275429,53161,318157,968826,2430920,2383833,99735,20797,6254568,52774,317856,962041,2437960,2376119,89611,18207,6257249,50180,314518,968932,2421749,2386507,94956,20407,6258804,50569,316022,967936,2436408,2381353,84967,21549,6716277,51904,327218,1040985,2622213,2555163,95426,23368,6716277,52383,330107,1038131,2636550,2550576,85580,22950,7554209,57190,360622,1178295,2967266,2859908,104696,26232,7554209,58031,363188,1174699,2977606,2860913,93883,25889,7778575,57173,360774,1220717,3083534,2926499,102819,27059,7778575,57331,363914,1213389,3103257,2921583,92521,26580,7875410,56829,363795,1249731,3149210,2934166,94404,27275,7875410,57440,366373,1241722,3168648,2928794,85871,26562,8106914,57765,371438,1302455,3269091,2988144,90905,27116,8106914,57713,374015,1290241,3290565,2985754,82129,26497,8393630,62208,393983,1380138,3421837,3017260,92250,25954,8393630,62656,398564,1362149,3451360,3009815,83575,25511,7598837,54318,353881,1262618,3146769,2679161,79640,22450,7598837,54703,354134,1246833,3169332,2679318,72743,21774
"계","여자",4952782,85118,497552,1121833,2004000,1188737,36893,18649,4952782,87675,500556,1118212,2008190,1173651,31170,33328,5139872,81032,504043,1166980,2080584,1254151,36646,16436,5123410,83922,507135,1161803,2093493,1233027,29784,14246,5120162,78441,496743,1173637,2083106,1237553,34213,16469,5122491,81881,502295,1173286,2100734,1217202,28049,19044,5585304,81444,518175,1263136,2284421,1382319,36614,19195,5585304,85523,525981,1265980,2298182,1360407,29794,19437,6471202,89409,579425,1458388,2655325,1623949,42652,22054,6471202,93661,589220,1458553,2674232,1598534,34655,22347,6769817,90906,588131,1533218,2811104,1682824,41571,22063,6769817,95311,597223,1532226,2834614,1654235,34108,22100,6929797,88971,587809,1577426,2905749,1708247,39404,22191,6929797,94300,600400,1572499,2930932,1677457,32090,22119,6969985,86790,580581,1596433,2939673,1708574,36142,21792,6969985,91769,591823,1590862,2968452,1675397,29731,21951,7701362,96201,625744,1746230,3268001,1903766,41698,19722,7701362,102554,640618,1736472,3300730,1866907,34130,19951,6858185,80417,540717,1553355,2946290,1684581,36279,16546,6858185,86298,549158,1543313,2970706,1661708,30153,16849
"19세 이하","합계",22066,217,1559,3444,8167,8353,315,11,22066,273,1623,3392,8234,8217,309,18,25843,218,1959,4187,9812,9328,326,13,25829,256,2051,4274,9790,9175,276,7,30392,371,2373,5015,11664,10582,373,14,30395,419,2492,5077,11460,10596,339,12,28855,342,2327,4704,10946,10181,342,13,28855,415,2493,4710,10877,10045,304,11,27898,346,2188,4615,10480,9956,298,15,27898,418,2345,4586,10521,9703,309,16,27698,274,2000,4359,10861,9844,347,13,27698,375,2158,4440,10662,9727,322,14,25498,256,1733,3890,10118,9252,238,11,25498,295,1847,4030,9945,9127,238,16,21548,206,1468,3362,8523,7758,226,5,21548,278,1684,3348,8411,7614,202,11,16160,136,1029,2467,6597,5761,164,6,16160,172,1067,2527,6543,5677,166,8,13020,136,821,2066,5224,4619,149,5,13020,150,901,2080,5252,4504,130,3
"19세 이하","남자",8912,91,621,1373,3092,3568,164,3,8912,106,644,1394,3055,3543,163,7,11872,85,871,1826,4272,4607,201,10,11861,87,913,1874,4245,4559,178,5,15616,172,1126,2360,5729,5969,250,10,15618,187,1177,2490,5526,5992,236,10,15918,154,1161,2433,5798,6137,227,8,15918,175,1218,2458,5822,6021,216,8,16029,156,1156,2429,5792,6275,213,8,16029,201,1216,2388,5832,6154,227,11,16161,133,1075,2287,6116,6280,261,9,16161,165,1174,2397,5978,6190,248,9,15500,121,946,2147,5932,6173,175,6,15500,134,1000,2251,5850,6087,169,9,13109,90,816,1868,5076,5095,163,1,13109,143,904,1928,4955,5021,149,9,10648,69,623,1538,4242,4045,128,3,10648,95,654,1555,4242,3967,131,4,8186,69,464,1276,3238,3026,111,2,8186,79,520,1264,3267,2958,96,2
"19세 이하","여자",13154,126,938,2071,5075,4785,151,8,13154,167,979,1998,5179,4674,146,11,13971,133,1088,2361,5540,4721,125,3,13968,169,1138,2400,5545,4616,98,2,14776,199,1247,2655,5935,4613,123,4,14777,232,1315,2587,5934,4604,103,2,12937,188,1166,2271,5148,4044,115,5,12937,240,1275,2252,5055,4024,88,3,11869,190,1032,2186,4688,3681,85,7,11869,217,1129,2198,4689,3549,82,5,11537,141,925,2072,4745,3564,86,4,11537,210,984,2043,4684,3537,74,5,9998,135,787,1743,4186,3079,63,5,9998,161,847,1779,4095,3040,69,7,8439,116,652,1494,3447,2663,63,4,8439,135,780,1420,3456,2593,53,2,5512,67,406,929,2355,1716,36,3,5512,77,413,972,2301,1710,35,4,4834,67,357,790,1986,1593,38,3,4834,71,381,816,1985,1546,34,1
"20 ~ 24세","합계",292806,3131,17207,37868,107291,120637,6494,178,292806,3290,18328,37996,107986,118448,6454,304,289849,2666,16485,36368,105171,123274,5718,167,289683,2888,17644,37010,104973,121541,5506,121,310514,2828,17815,40486,112071,131003,6149,162,310544,3076,19255,40505,112517,129129,5889,173,320157,2664,18088,41035,115244,136859,6033,234,320157,3086,19533,41472,115059,135082,5704,221,331153,2841,18713,42909,120331,140046,6113,200,331153,3327,20422,43446,119966,137873,5909,210,348864,2953,19484,45378,129409,145184,6226,230,348864,3461,21226,46014,128901,143097,5954,211,340926,2729,18404,44953,128321,140862,5441,216,340926,3335,20312,44877,128316,138817,5049,220,337873,2788,18076,44343,128394,139129,4937,206,337873,3389,19807,44759,128668,136413,4636,201,544312,5466,30873,74451,215490,210699,7001,332,544312,6951,34170,74121,214159,207891,6656,364,522037,5707,31298,73457,210479,194552,6260,284,522037,7367,34417,72372,208436,193280,5835,330
"20 ~ 24세","남자",119895,829,5183,12831,37786,58936,4241,89,119895,880,5529,12931,38158,57981,4254,162,127694,711,5331,13209,40299,64107,3944,93,127601,760,5708,13712,40091,63469,3797,64,137007,741,5899,14883,42786,68427,4180,91,137016,842,6375,15086,43101,67392,4137,83,141902,720,6130,15440,44535,70852,4090,135,141902,825,6674,15829,44605,69926,3917,126,146573,815,6556,16400,46550,72004,4139,109,146573,934,7198,16817,46628,70785,4094,117,148805,827,6728,16571,47985,72397,4161,136,148805,919,7311,17168,47713,71520,4060,114,147887,787,6639,16930,48585,71220,3600,126,147887,913,7287,17275,48623,70199,3473,117,152513,850,6901,17652,51233,72361,3406,110,152513,966,7664,18014,51411,71077,3268,113,238781,1674,11617,28758,85406,106447,4683,196,238781,2000,12729,29223,84621,105402,4608,198,220239,1648,11358,28112,81564,93485,3931,141,220239,1982,12520,28007,81071,92698,3794,167
"20 ~ 24세","여자",172911,2302,12024,25037,69505,61701,2253,89,172911,2410,12799,25065,69828,60467,2200,142,162155,1955,11154,23159,64872,59167,1774,74,162082,2128,11936,23298,64882,58072,1709,57,173507,2087,11916,25603,69285,62576,1969,71,173528,2234,12880,25419,69416,61737,1752,90,178255,1944,11958,25595,70709,66007,1943,99,178255,2261,12859,25643,70454,65156,1787,95,184580,2026,12157,26509,73781,68042,1974,91,184580,2393,13224,26629,73338,67088,1815,93,200059,2126,12756,28807,81424,72787,2065,94,200059,2542,13915,28846,81188,71577,1894,97,193039,1942,11765,28023,79736,69642,1841,90,193039,2422,13025,27602,79693,68618,1576,103,185360,1938,11175,26691,77161,66768,1531,96,185360,2423,12143,26745,77257,65336,1368,88,305531,3792,19256,45693,130084,104252,2318,136,305531,4951,21441,44898,129538,102489,2048,166,301798,4059,19940,45345,128915,101067,2329,143,301798,5385,21897,44365,127365,100582,2041,163
"25 ~ 29세","합계",959981,8902,45366,108219,352114,423486,21229,665,959981,9464,48138,109648,353875,417788,19889,1179,861295,6107,39781,97420,309415,391100,16989,483,860811,6485,42334,99305,312534,384189,15578,386,879214,6280,41744,101696,315920,396411,16697,466,879338,6921,44608,102560,318618,390684,15370,577,886824,5860,40196,99974,315428,408323,16462,581,886824,6607,43373,101481,317797,401727,15280,559,906928,6075,40875,102687,323037,417359,16396,499,906928,6835,44248,103911,324892,411288,15242,512,974937,6139,43500,109887,353078,444977,16744,612,974937,7025,47239,111639,355607,437042,15794,591,972343,5982,42409,110219,356305,441572,15294,562,972343,6913,46407,112022,358878,433373,14218,532,1008398,5983,42907,114124,373262,456885,14634,603,1008398,7027,47095,116612,375600,447748,13735,581,1144648,7386,49443,133634,434455,503061,16093,576,1144648,8918,55085,135090,435942,494098,14943,572,1085087,7134,47400,129807,422096,464282,13815,553,1085087,8756,52599,130185,422208,457674,13087,578
"25 ~ 29세","남자",538196,4187,18909,52310,181102,265832,15441,415,538196,4362,20489,53342,181209,263251,14767,776,480202,2294,16467,47137,158327,243463,12187,327,479875,2369,17735,48105,159736,240268,11416,246,489389,2261,17678,49348,161425,246402,11966,309,489427,2513,18969,50264,162540,243653,11147,341,493243,2171,17244,49223,161398,251023,11811,373,493243,2372,18874,50157,162625,247686,11169,360,501664,2269,17504,50432,163889,255555,11715,300,501664,2490,19123,51358,164443,252960,10967,323,511859,2081,17918,51062,168688,260083,11676,351,511859,2367,19675,52169,169727,256307,11269,345,522754,2138,18142,52213,174415,264687,10826,333,522754,2460,19914,53590,175926,260347,10223,294,550527,2204,18987,55723,187007,275795,10434,377,550527,2469,20935,57522,188634,270644,9988,335,607612,2686,21666,63319,211710,296477,11415,339,607612,3226,24277,64469,212278,292275,10754,333,569252,2524,20977,61957,205658,268268,9535,333,569252,3081,23259,62917,205929,264582,9153,331
"25 ~ 29세","여자",421785,4715,26457,55909,171012,157654,5788,250,421785,5102,27649,56306,172666,154537,5122,403,381093,3813,23314,50283,151088,147637,4802,156,380936,4116,24599,51200,152798,143921,4162,140,389825,4019,24066,52348,154495,150009,4731,157,389911,4408,25639,52296,156078,147031,4223,236,393581,3689,22952,50751,154030,157300,4651,208,393581,4235,24499,51324,155172,154041,4111,199,405264,3806,23371,52255,159148,161804,4681,199,405264,4345,25125,52553,160449,158328,4275,189,463078,4058,25582,58825,184390,184894,5068,261,463078,4658,27564,59470,185880,180735,4525,246,449589,3844,24267,58006,181890,176885,4468,229,449589,4453,26493,58432,182952,173026,3995,238,457871,3779,23920,58401,186255,181090,4200,226,457871,4558,26160,59090,186966,177104,3747,246,537036,4700,27777,70315,222745,206584,4678,237,537036,5692,30808,70621,223664,201823,4189,239,515835,4610,26423,67850,216438,196014,4280,220,515835,5675,29340,67268,216279,193092,3934,247
"30 ~ 34세","합계",1161993,9376,41304,112223,414523,556669,26867,1031,1161993,9702,43284,113778,415911,552228,25035,2055,1181671,6604,42513,116148,418425,572371,24648,962,1180695,6900,44770,118567,422519,565033,22097,809,1206141,6630,44353,122876,429435,578526,23471,850,1206389,7023,46820,124739,433649,571821,21268,1069,1232766,6344,43420,123349,437332,597782,23458,1081,1232766,6759,46186,124763,441017,591994,20979,1068,1271907,6781,45884,129730,454477,610519,23434,1082,1271907,7170,48995,131836,457427,604371,21107,1001,1203259,6029,42369,122089,433263,576970,21454,1085,1203259,6326,45178,124244,437480,569554,19502,975,1166903,5695,41368,120354,424302,555126,19171,887,1166903,6132,44242,121808,429779,546392,17695,855,1195162,5718,41600,122739,435434,570721,18052,898,1195162,6332,44411,124727,440229,562158,16450,855,1340518,7318,50072,145135,501026,616602,19529,836,1340518,8053,54124,146264,507165,606383,17730,799,1224234,6667,46343,135372,466119,551842,17113,778,1224234,7348,49739,136164,468759,545718,15794,712
"30 ~ 34세","남자",809839,6061,22539,68514,272255,417915,21853,702,809839,6273,23469,69528,272684,415653,20701,1531,791262,3362,22225,68518,263038,414235,19186,698,790552,3544,23465,69872,265146,410367,17525,633,828386,3440,24158,74909,278709,427872,18676,622,828498,3709,25581,76240,280492,424599,17158,719,818080,3194,22845,73191,274307,425797,18015,731,818080,3376,24325,74200,275941,423054,16465,719,807101,3181,22560,72414,271081,419442,17709,714,807101,3399,24150,74032,271345,417266,16265,644,769240,2831,20989,69277,259961,399106,16341,735,769240,2925,22716,70555,261942,395505,14967,630,731247,2633,20324,66966,248797,377631,14308,588,731247,2790,21828,67478,252160,373000,13428,563,765042,2735,21316,70470,263159,393061,13716,585,765042,2997,22839,71664,265676,388500,12809,557,779560,3031,22798,74517,273606,391191,13901,516,779560,3214,24781,75223,277122,385765,12939,516,721283,2851,21684,71254,260393,352340,12232,529,721283,3003,23249,72411,261745,348905,11506,464
"30 ~ 34세","여자",352154,3315,18765,43709,142268,138754,5014,329,352154,3429,19815,44250,143227,136575,4334,524,390409,3242,20288,47630,155387,158136,5462,264,390143,3356,21305,48695,157373,154666,4572,176,377755,3190,20195,47967,150726,150654,4795,228,377891,3314,21239,48499,153157,147222,4110,350,414686,3150,20575,50158,163025,171985,5443,350,414686,3383,21861,50563,165076,168940,4514,349,464806,3600,23324,57316,183396,191077,5725,368,464806,3771,24845,57804,186082,187105,4842,357,434019,3198,21380,52812,173302,177864,5113,350,434019,3401,22462,53689,175538,174049,4535,345,435656,3062,21044,53388,175505,177495,4863,299,435656,3342,22414,54330,177619,173392,4267,292,430120,2983,20284,52269,172275,177660,4336,313,430120,3335,21572,53063,174553,173658,3641,298,560958,4287,27274,70618,227420,225411,5628,320,560958,4839,29343,71041,230043,220618,4791,283,502951,3816,24659,64118,205726,199502,4881,249,502951,4345,26490,63753,207014,196813,4288,248
"35 ~ 39세","합계",1070355,7574,27656,86178,374665,545243,27791,1248,1070355,7715,28880,88341,374892,543252,24995,2280,1082964,5141,28169,88845,377767,556088,25939,1015,1081935,5154,29595,90345,380297,552853,22836,855,1020498,4549,26853,85893,356320,522748,23189,946,1020708,4531,28203,87750,358939,519635,20519,1131,1139037,4768,29282,95290,397669,586289,24433,1306,1139037,4820,30850,97382,400390,582828,21499,1268,1193888,5164,31601,102898,418759,609518,24668,1280,1193888,5234,33381,104336,421186,606797,21703,1251,1231963,4887,31456,105582,434276,630065,24314,1383,1231963,4920,33302,107641,438259,625072,21472,1297,1267513,4875,33681,112364,451608,641068,22600,1317,1267513,5089,35473,113803,457065,634447,20374,1262,1335464,5273,35334,119086,479738,672236,22472,1325,1335464,5335,37167,120899,485244,665382,20154,1283,1385778,6016,40205,131956,511613,672471,22372,1145,1385778,6164,42568,133254,517703,664926,20036,1127,1197704,5270,35821,117001,449684,570218,18752,958,1197704,5376,37023,117912,454401,565358,16728,906
"35 ~ 39세","남자",776755,5483,15571,54130,257450,420485,22701,935,776755,5510,16107,55101,256888,420716,20676,1757,751128,3072,15088,53128,246315,412319,20430,776,750342,3061,15702,53794,247196,411509,18402,678,732900,2762,14993,53915,241393,400411,18679,747,733002,2703,15781,54893,242376,399649,16786,814,777952,2712,15673,56680,255661,427414,18892,920,777952,2734,16351,57570,256524,427031,16864,878,805393,2813,16662,60387,265345,440334,18979,873,805393,2907,17452,61135,265696,440290,17032,881,856128,2831,17512,64878,284769,466208,18928,1002,856128,2854,18487,66083,286347,464398,17020,939,867071,2821,18540,68234,290878,468291,17376,931,867071,2893,19401,69192,293659,464990,16027,909,925705,3097,20040,74438,315835,493872,17450,973,925705,3073,21139,75234,318731,490743,15848,937,860785,2976,19617,72000,300357,449161,15873,801,860785,3021,20659,72485,303422,445749,14649,800,750986,2584,17649,65326,268138,383221,13415,653,750986,2622,18084,65852,270786,380692,12344,606
"35 ~ 39세","여자",293600,2091,12085,32048,117215,124758,5090,313,293600,2205,12773,33240,118004,122536,4319,523,331836,2069,13081,35717,131452,143769,5509,239,331593,2093,13893,36551,133101,141344,4434,177,287598,1787,11860,31978,114927,122337,4510,199,287706,1828,12422,32857,116563,119986,3733,317,361085,2056,13609,38610,142008,158875,5541,386,361085,2086,14499,39812,143866,155797,4635,390,388495,2351,14939,42511,153414,169184,5689,407,388495,2327,15929,43201,155490,166507,4671,370,375835,2056,13944,40704,149507,163857,5386,381,375835,2066,14815,41558,151912,160674,4452,358,400442,2054,15141,44130,160730,172777,5224,386,400442,2196,16072,44611,163406,169457,4347,353,409759,2176,15294,44648,163903,178364,5022,352,409759,2262,16028,45665,166513,174639,4306,346,524993,3040,20588,59956,211256,223310,6499,344,524993,3143,21909,60769,214281,219177,5387,327,446718,2686,18172,51675,181546,186997,5337,305,446718,2754,18939,52060,183615,184666,4384,300
"40 ~ 44세","합계",1238902,8815,41437,131581,488733,541774,24619,1943,1238902,9027,42933,132918,488555,540391,21136,3942,1274327,7105,43069,137630,501564,559407,23773,1779,1272537,7190,44725,138747,503187,557014,20174,1500,1304472,6951,43703,141075,510838,577136,23078,1691,1304791,7100,45668,142009,513613,574842,19487,2072,1330964,6718,42236,140604,521304,595464,22615,2023,1330964,6834,44500,141897,522443,594361,18897,2032,1943090,9618,60832,199578,748624,887098,34457,2883,1943090,9795,64090,201810,749566,885917,29020,2892,1942299,9119,59613,199349,750654,887840,32930,2794,1942299,9166,62466,201155,753931,884696,27994,2891,1931232,8991,59567,202314,751746,875569,30249,2796,1931232,9136,62613,204078,753605,873337,25847,2616,1839238,8433,57284,194164,715426,834205,27103,2623,1839238,8700,60185,194714,719821,829931,23309,2578,1918822,9307,61829,208815,756253,852330,28111,2177,1918822,9437,65106,208706,762325,847031,24087,2130,1644860,8097,54293,182276,654337,720693,23299,1865,1644860,8235,56739,182480,658113,717520,20031,1742
"40 ~ 44세","남자",686637,4755,16303,59064,253899,334452,16984,1180,686637,4767,16933,59262,252688,335277,15108,2602,711721,3340,16843,62261,263283,348589,16256,1149,710564,3310,17462,62796,262497,349212,14325,962,733663,3030,17282,64300,269738,362404,15834,1075,733846,3082,17935,64795,269965,362944,13838,1287,747814,2968,16375,64181,274603,373049,15400,1238,747814,2948,17170,64475,273520,375008,13393,1300,1059160,4165,22870,88388,382314,536880,22746,1797,1059160,4060,23982,88926,380363,540151,19910,1768,1060339,3983,22468,89000,384738,536462,21943,1745,1060339,3738,23319,89462,384023,538544,19432,1821,1045199,3811,22561,90097,381780,525224,19991,1735,1045199,3790,23227,90001,380359,528308,17849,1665,1015884,3676,22510,89773,373133,506894,18245,1653,1015884,3656,23102,89234,372695,509421,16149,1627,1045864,3991,24642,95939,390722,510679,18449,1442,1045864,3989,25503,94997,391660,511907,16365,1443,927955,3726,22952,88245,352364,443896,15586,1186,927955,3609,23852,87653,353383,444436,13851,1171
"40 ~ 44세","여자",552265,4060,25134,72517,234834,207322,7635,763,552265,4260,26000,73656,235867,205114,6028,1340,562606,3765,26226,75369,238281,210818,7517,630,561973,3880,27263,75951,240690,207802,5849,538,570809,3921,26421,76775,241100,214732,7244,616,570945,4018,27733,77214,243648,211898,5649,785,583150,3750,25861,76423,246701,222415,7215,785,583150,3886,27330,77422,248923,219353,5504,732,883930,5453,37962,111190,366310,350218,11711,1086,883930,5735,40108,112884,369203,345766,9110,1124,881960,5136,37145,110349,365916,351378,10987,1049,881960,5428,39147,111693,369908,346152,8562,1070,886033,5180,37006,112217,369966,350345,10258,1061,886033,5346,39386,114077,373246,345029,7998,951,823354,4757,34774,104391,342293,327311,8858,970,823354,5044,37083,105480,347126,320510,7160,951,872958,5316,37187,112876,365531,341651,9662,735,872958,5448,39603,113709,370665,335124,7722,687,716905,4371,31341,94031,301973,276797,7713,679,716905,4626,32887,94827,304730,273084,6180,571
"45 ~ 49세","합계",1329572,11092,58684,189803,577060,473112,17182,2639,1329572,11162,59887,190376,577738,470053,14548,5808,1361065,9226,60175,196924,590688,485174,16539,2339,1358708,9433,61392,197199,592709,482067,13930,1978,1371099,8757,61215,199075,593260,490675,15803,2314,1371396,9029,62633,199588,597548,486969,13086,2543,1512407,9194,64493,215198,655310,548946,16515,2751,1512407,9370,66016,214855,659867,545779,13826,2694,1653299,9967,69184,232576,714112,606434,18170,2856,1653299,10109,70974,232234,717963,604027,15111,2881,1729097,9863,71100,242414,750079,634618,18043,2980,1729097,10148,72838,241524,754580,631858,15148,3001,1751848,9736,71223,247753,762227,641115,16868,2926,1751848,9988,73691,246099,766521,638362,14239,2948,1732167,9812,69903,243982,755823,633651,16174,2822,1732167,9954,72103,242248,760158,631234,13677,2793,1767554,10106,72712,254265,777254,634161,16486,2570,1767554,10434,75158,251778,782419,631355,13908,2502,1508790,8537,62383,219610,667035,535250,13857,2118,1508790,8828,64030,217952,670406,533853,11728,1993
"45 ~ 49세","남자",735724,5903,24452,88277,306270,297013,12162,1647,735724,5783,25020,87844,306192,296390,10550,3945,750813,4197,24796,90372,313952,304380,11644,1472,749331,4186,25243,90610,313704,304278,10052,1258,748006,3877,24607,89956,310735,306380,10972,1479,748183,3921,25047,90195,311955,306091,9391,1583,825406,4039,25592,97148,342872,342694,11340,1721,825406,4048,26282,96494,344479,342545,9828,1730,897594,4177,26492,103727,371772,377206,12457,1763,897594,4229,27022,103152,371921,378744,10748,1778,929792,4027,26579,106509,386325,392055,12414,1883,929792,4118,27138,106167,386291,393436,10737,1905,946181,4078,26970,109341,393962,398324,11669,1837,946181,3994,27737,108307,394290,399784,10216,1853,944111,4031,26831,110881,395456,393940,11174,1798,944111,4061,27470,109109,395755,396216,9707,1793,960984,4315,28284,115180,406919,393310,11270,1706,960984,4216,28893,113510,407699,395229,9831,1606,831266,3763,25151,102330,356161,333041,9379,1441,831266,3699,25524,101355,355865,335285,8209,1329
"45 ~ 49세","여자",593848,5189,34232,101526,270790,176099,5020,992,593848,5379,34867,102532,271546,173663,3998,1863,610252,5029,35379,106552,276736,180794,4895,867,609377,5247,36149,106589,279005,177789,3878,720,623093,4880,36608,109119,282525,184295,4831,835,623213,5108,37586,109393,285593,180878,3695,960,687001,5155,38901,118050,312438,206252,5175,1030,687001,5322,39734,118361,315388,203234,3998,964,755705,5790,42692,128849,342340,229228,5713,1093,755705,5880,43952,129082,346042,225283,4363,1103,799305,5836,44521,135905,363754,242563,5629,1097,799305,6030,45700,135357,368289,238422,4411,1096,805667,5658,44253,138412,368265,242791,5199,1089,805667,5994,45954,137792,372231,238578,4023,1095,788056,5781,43072,133101,360367,239711,5000,1024,788056,5893,44633,133139,364403,235018,3970,1000,806570,5791,44428,139085,370335,240851,5216,864,806570,6218,46265,138268,374720,236126,4077,896,677524,4774,37232,117280,310874,202209,4478,677,677524,5129,38506,116597,314541,198568,3519,664
"50 ~ 54세","합계",1661191,17039,90932,312832,766340,456273,13114,4661,1661191,17289,91443,310651,767236,453948,11153,9471,1759161,14496,93811,327006,809824,495966,13647,4411,1754752,14911,94124,324643,813862,492016,11400,3796,1646953,12909,86786,308853,759844,462349,12087,4125,1647344,13419,87340,307508,765298,459367,9898,4514,1801231,13491,90365,327903,834734,517737,12490,4511,1801231,13643,91201,327230,840781,513413,10537,4426,1885250,13328,90345,335884,873107,555110,12899,4577,1885250,13554,91635,332884,880634,551225,10757,4561,1895002,12804,87351,332592,880938,564150,12649,4518,1895002,12761,88360,329480,889027,560587,10387,4400,1907258,12507,87867,332049,887565,570734,12311,4225,1907258,12790,88701,329665,895835,566032,10054,4181,1965960,12807,89245,341922,918110,587781,11845,4250,1965960,12727,89755,337969,927096,584386,9898,4129,2055219,13408,94856,361524,964447,605018,12197,3769,2055219,13539,95930,356518,975314,599945,10284,3689,1838588,11718,83549,319475,863859,545533,11191,3263,1838588,11626,83872,314750,871117,544351,9688,3184
"50 ~ 54세","남자",820436,7553,32728,126476,370396,271592,9063,2628,820436,7522,32258,125490,370688,271111,7802,5565,893619,5818,35198,137875,403094,299645,9419,2570,891047,5773,34927,136477,404624,298967,8136,2143,822642,4963,31805,127377,371687,276088,8324,2398,822828,5029,31598,126390,374060,276271,6937,2543,910222,5380,33746,137317,411849,310702,8556,2672,910222,5120,33591,136349,414970,310155,7433,2604,961998,5281,33664,141269,434511,335702,8867,2704,961998,5229,33700,139507,438119,335086,7652,2705,965167,5114,32229,139475,436585,340418,8621,2725,965167,5012,32238,137410,440387,340174,7316,2630,957153,4886,31621,137327,432851,339688,8229,2551,957153,4880,31390,135442,436247,339696,7049,2449,994984,5237,32870,143943,452246,350036,8058,2594,994984,5076,32765,141277,455455,350956,6988,2467,1026368,5320,34676,150581,468494,356811,8155,2331,1026368,5211,34716,147797,472732,356474,7196,2242,932565,4755,31591,136318,426938,323534,7389,2040,932565,4673,31512,133714,428494,325494,6688,1990
"50 ~ 54세","여자",840755,9486,58204,186356,395944,184681,4051,2033,840755,9767,59185,185161,396548,182837,3351,3906,865542,8678,58613,189131,406730,196321,4228,1841,863705,9138,59197,188166,409238,193049,3264,1653,824311,7946,54981,181476,388157,186261,3763,1727,824516,8390,55742,181118,391238,183096,2961,1971,891009,8111,56619,190586,422885,207035,3934,1839,891009,8523,57610,190881,425811,203258,3104,1822,923252,8047,56681,194615,438596,219408,4032,1873,923252,8325,57935,193377,442515,216139,3105,1856,929835,7690,55122,193117,444353,223732,4028,1793,929835,7749,56122,192070,448640,220413,3071,1770,950105,7621,56246,194722,454714,231046,4082,1674,950105,7910,57311,194223,459588,226336,3005,1732,970976,7570,56375,197979,465864,237745,3787,1656,970976,7651,56990,196692,471641,233430,2910,1662,1028851,8088,60180,210943,495953,248207,4042,1438,1028851,8328,61214,208721,502582,243471,3088,1447,906023,6963,51958,183157,436921,221999,3802,1223,906023,6953,52360,181036,442623,218857,3000,1194
"55 ~ 59세","합계",1062443,12780,72932,254160,496521,217213,4784,4053,1062443,13163,72884,252328,496403,215711,4288,7666,1151948,11334,75085,267851,538938,249363,5619,3758,1148181,11548,74744,265604,541433,246865,4680,3307,1204495,11340,76771,280841,566789,259504,5451,3799,1204758,11486,76425,279853,570820,257474,4543,4157,1337416,11512,79004,301778,634501,300313,6133,4175,1337416,11902,79503,301060,638231,297240,5197,4283,1492845,11992,83955,331031,711641,342926,6611,4689,1492845,12400,84078,330462,716371,339342,5564,4628,1586881,12307,84576,347181,761121,369937,6936,4823,1586881,12488,85646,345389,767586,365139,5870,4763,1644551,11862,84991,356495,790998,388313,6889,5003,1644551,12249,86140,353420,798111,383892,5880,4859,1662173,11774,83550,357436,805546,392438,6606,4823,1662173,12255,84398,353854,811716,389776,5470,4704,1648134,11774,81678,355849,801634,386471,6621,4107,1648134,12055,82384,351592,811371,381335,5236,4161,1489820,9998,71272,311900,728319,358656,6168,3507,1489820,10093,70821,308774,736009,355482,5165,3476
"55 ~ 59세","남자",542879,5627,27263,108973,256047,139101,3570,2298,542879,5681,26375,107902,256729,138575,3249,4368,610469,4547,29679,119429,287798,162733,4166,2117,608344,4440,28935,117749,289929,161764,3593,1934,613224,4380,28932,119958,290088,163738,3963,2165,613373,4164,28225,119176,292508,163582,3423,2295,703355,4729,31179,133294,333773,193484,4454,2442,703355,4763,30709,132249,337135,192164,3883,2452,772372,4787,32103,142757,367636,217603,4736,2750,772372,4814,31523,142155,370561,216525,4115,2679,804175,4833,31612,146386,383803,229754,4968,2819,804175,4785,31158,144841,387799,228488,4341,2763,831034,4764,31710,150177,396653,239964,4829,2937,831034,4726,31431,148168,400464,239106,4254,2885,840481,4898,31567,152475,403648,240411,4663,2819,840481,4776,31438,149813,406483,241224,3973,2774,832245,4943,31389,152647,400498,235715,4557,2496,832245,4805,31243,149352,405522,235062,3743,2518,750586,4357,27827,134112,360707,217120,4293,2170,750586,4228,27066,131088,365051,217344,3678,2131
"55 ~ 59세","여자",519564,7153,45669,145187,240474,78112,1214,1755,519564,7482,46509,144426,239674,77136,1039,3298,541479,6787,45406,148422,251140,86630,1453,1641,539837,7108,45809,147855,251504,85101,1087,1373,591271,6960,47839,160883,276701,95766,1488,1634,591385,7322,48200,160677,278312,93892,1120,1862,634061,6783,47825,168484,300728,106829,1679,1733,634061,7139,48794,168811,301096,105076,1314,1831,720473,7205,51852,188274,344005,125323,1875,1939,720473,7586,52555,188307,345810,122817,1449,1949,782706,7474,52964,200795,377318,140183,1968,2004,782706,7703,54488,200548,379787,136651,1529,2000,813517,7098,53281,206318,394345,148349,2060,2066,813517,7523,54709,205252,397647,144786,1626,1974,821692,6876,51983,204961,401898,152027,1943,2004,821692,7479,52960,204041,405233,148552,1497,1930,815889,6831,50289,203202,401136,150756,2064,1611,815889,7250,51141,202240,405849,146273,1493,1643,739234,5641,43445,177788,367612,141536,1875,1337,739234,5865,43755,177686,370958,138138,1487,1345
"60 ~ 64세","합계",972055,16109,104663,307851,417657,117578,2069,6128,972055,16391,104006,304703,415755,117926,1843,11431,1052817,15445,106181,326538,459436,136854,2425,5938,1046859,15828,105826,322582,458746,136727,2129,5021,1004241,13674,97738,310144,442525,132770,2125,5265,1004503,14204,97182,308640,444368,132780,1854,5475,1162690,14599,105167,350286,520884,163204,2694,5856,1162690,15135,105426,349434,522506,162135,2264,5790,1285409,14768,107812,376404,587105,190600,2954,5766,1285409,15463,108329,374934,588021,190273,2544,5845,1456209,16024,116617,421678,672803,219392,3361,6334,1456209,16705,116637,418978,676283,218347,2893,6366,1551359,15830,116641,440716,725233,243173,3315,6451,1551359,16751,117732,437107,727896,242429,2971,6473,1597421,15920,117283,452277,750840,251289,3460,6352,1597421,16478,118333,446040,756272,250999,2917,6382,1780238,17448,129524,504191,841127,277708,3775,6465,1780238,18370,130621,499008,845751,276877,3163,6448,1609459,14715,111391,447945,766722,259615,3605,5466,1609459,15348,110280,442206,773490,259572,3161,5402
"60 ~ 64세","남자",471320,6070,37394,129662,215792,77582,1582,3238,471320,6036,36715,127396,215938,77783,1411,6041,508624,5780,37989,136988,234741,88219,1746,3161,505456,5632,37280,134876,234812,88640,1630,2586,483956,5013,35272,129654,224444,85197,1572,2804,484089,5017,34138,128121,226791,85805,1358,2859,561436,5391,38048,145626,263179,104033,1993,3166,561436,5363,37340,144311,265253,104329,1743,3097,626638,5567,38970,156687,298570,121506,2160,3178,626638,5521,38138,155463,300025,122438,1926,3127,706180,6043,41809,174709,338348,139244,2491,3536,706180,5980,40895,171841,342053,139658,2185,3568,750346,6029,41991,181369,362525,152424,2356,3652,750346,6099,41135,178739,364909,153708,2175,3581,777819,6327,43054,188042,376638,157655,2489,3614,777819,6130,42299,184111,380461,159007,2237,3574,853818,6759,47269,207745,414166,171417,2667,3795,853818,6818,46538,203530,418409,172494,2292,3737,772948,6006,41315,185207,376046,158655,2564,3155,772948,5864,39736,180829,380854,160300,2291,3074
"60 ~ 64세","여자",500735,10039,67269,178189,201865,39996,487,2890,500735,10355,67291,177307,199817,40143,432,5390,544193,9665,68192,189550,224695,48635,679,2777,541403,10196,68546,187706,223934,48087,499,2435,520285,8661,62466,180490,218081,47573,553,2461,520414,9187,63044,180519,217577,46975,496,2616,601254,9208,67119,204660,257705,59171,701,2690,601254,9772,68086,205123,257253,57806,521,2693,658771,9201,68842,219717,288535,69094,794,2588,658771,9942,70191,219471,287996,67835,618,2718,750029,9981,74808,246969,334455,80148,870,2798,750029,10725,75742,247137,334230,78689,708,2798,801013,9801,74650,259347,362708,90749,959,2799,801013,10652,76597,258368,362987,88721,796,2892,819602,9593,74229,264235,374202,93634,971,2738,819602,10348,76034,261929,375811,91992,680,2808,926420,10689,82255,296446,426961,106291,1108,2670,926420,11552,84083,295478,427342,104383,871,2711,836511,8709,70076,262738,390676,100960,1041,2311,836511,9484,70544,261377,392636,99272,870,2328
"65 ~ 69세","합계",333237,8186,53906,124943,119955,23052,308,2887,333237,8309,53212,122958,119107,23880,323,5448,322349,7325,48956,119029,120067,24072,337,2563,319781,7339,48605,117435,119135,24509,330,2428,317990,6456,44933,115891,122004,25708,348,2650,318096,6645,44970,115384,121857,26176,342,2722,362290,6945,47805,130704,143185,30327,430,2894,362290,6925,47708,130540,142633,31207,417,2860,767155,13561,94951,274605,310770,66694,825,5749,767155,13959,95096,273397,310421,67789,758,5735,778442,13133,91478,276548,320689,70291,814,5489,778442,13610,91708,273823,322296,70928,731,5346,789398,12360,88337,276698,332213,73805,843,5142,789398,12899,88389,274630,333117,74524,777,5062,868891,12722,92372,300931,372484,84284,931,5167,868891,13161,92771,298707,373015,85154,798,5285,860180,12207,89159,298497,371094,83819,945,4459,860180,12674,89904,294250,373851,84244,806,4451,897727,11771,88098,306085,394666,91782,1083,4242,897727,12166,87619,302074,397747,92899,916,4306
"65 ~ 69세","남자",176091,3299,21248,60068,72270,17399,231,1576,176091,3301,20720,58934,71960,17965,247,2964,167842,2901,19120,55991,70378,17736,270,1446,166393,2819,18785,55151,69911,18127,255,1345,169747,2701,18148,55745,72327,19085,270,1471,169798,2627,18049,55488,72494,19361,283,1496,193643,2970,19469,62833,84246,22136,342,1647,193643,2783,19272,62553,84268,22891,325,1551,385496,5438,36390,122931,171262,45716,611,3148,385496,5453,35973,121994,171551,46812,586,3127,390406,5187,35023,123678,175088,47818,627,2985,390406,5204,34667,121879,176878,48381,564,2833,398454,5027,34053,123575,182030,50261,644,2864,398454,4983,33344,122745,182955,51056,591,2780,430910,5167,35527,132255,198466,55917,696,2882,430910,5037,34798,130573,199794,57210,598,2900,427435,5018,34680,131620,197627,55271,686,2533,427435,4936,34456,129047,199903,56043,592,2458,441189,4868,33999,132768,206713,59619,778,2444,441189,4708,33025,130348,208981,60996,695,2436
"65 ~ 69세","여자",157146,4887,32658,64875,47685,5653,77,1311,157146,5008,32492,64024,47147,5915,76,2484,154507,4424,29836,63038,49689,6336,67,1117,153388,4520,29820,62284,49224,6382,75,1083,148243,3755,26785,60146,49677,6623,78,1179,148298,4018,26921,59896,49363,6815,59,1226,168647,3975,28336,67871,58939,8191,88,1247,168647,4142,28436,67987,58365,8316,92,1309,381659,8123,58561,151674,139508,20978,214,2601,381659,8506,59123,151403,138870,20977,172,2608,388036,7946,56455,152870,145601,22473,187,2504,388036,8406,57041,151944,145418,22547,167,2513,390944,7333,54284,153123,150183,23544,199,2278,390944,7916,55045,151885,150162,23468,186,2282,437981,7555,56845,168676,174018,28367,235,2285,437981,8124,57973,168134,173221,27944,200,2385,432745,7189,54479,166877,173467,28548,259,1926,432745,7738,55448,165203,173948,28201,214,1993,456538,6903,54099,173317,187953,32163,305,1798,456538,7458,54594,171726,188766,31903,221,1870
"70 ~ 74세","합계",594159,21342,133414,240928,168675,22593,268,6939,594159,21536,130943,235366,169355,23820,303,12836,647991,21879,138840,262352,190758,26970,315,6877,641121,22144,136324,256350,191478,28315,342,6168,638099,20034,131325,258072,193902,27738,298,6730,638440,20554,129825,256152,195511,28973,322,7103,684102,20212,134048,275990,214923,31211,323,7395,684102,20842,133418,274062,215102,32934,321,7423,687162,19053,127576,274827,223682,34287,382,7355,687162,19908,126215,272165,225310,35911,364,7289,756759,19911,130790,300336,256866,40704,402,7750,756759,20472,129357,297852,258615,42483,398,7582,764036,18310,122240,301414,270349,43725,417,7581,764036,18862,122028,297883,271906,45588,436,7333,778593,17682,117743,306349,282978,46157,431,7253,778593,17929,116874,302987,285445,47745,440,7173,850653,18963,124594,335202,313197,50818,479,7400,850653,19247,123802,330121,316903,52713,474,7393,756510,15225,105448,296199,286618,46510,434,6076,756510,15824,103692,291598,290493,48370,459,6074
"70 ~ 74세","남자",274739,8013,48134,105624,93465,15748,191,3564,274739,7927,46847,102926,93567,16516,218,6738,298793,8234,49723,114666,103676,18658,225,3611,295184,8160,48416,111582,104174,19414,238,3200,295140,7599,47360,112351,105204,18861,209,3556,295280,7607,46487,111595,106027,19705,219,3640,315459,7578,48556,119020,115214,20966,239,3886,315459,7739,47697,118301,115442,22204,247,3829,323960,7384,46996,120881,121425,23162,279,3833,323960,7624,45992,119460,122691,24214,270,3709,354923,7625,47654,130632,137582,27008,289,4133,354923,7653,46732,129286,138759,28248,281,3964,360998,7220,44987,131156,144551,28720,297,4067,360998,7195,44793,129812,145098,29963,306,3831,371406,6909,44280,134718,151002,30321,303,3873,371406,6837,43354,132966,152638,31570,313,3728,404342,7531,46751,147007,165934,32737,358,4024,404342,7504,45863,143977,168463,34248,337,3950,366252,6205,40220,132205,153935,30051,297,3339,366252,6307,39148,129641,156145,31473,325,3213
"70 ~ 74세","여자",319420,13329,85280,135304,75210,6845,77,3375,319420,13609,84096,132440,75788,7304,85,6098,349198,13645,89117,147686,87082,8312,90,3266,345937,13984,87908,144768,87304,8901,104,2968,342959,12435,83965,145721,88698,8877,89,3174,343160,12947,83338,144557,89484,9268,103,3463,368643,12634,85492,156970,99709,10245,84,3509,368643,13103,85721,155761,99660,10730,74,3594,363202,11669,80580,153946,102257,11125,103,3522,363202,12284,80223,152705,102619,11697,94,3580,401836,12286,83136,169704,119284,13696,113,3617,401836,12819,82625,168566,119856,14235,117,3618,403038,11090,77253,170258,125798,15005,120,3514,403038,11667,77235,168071,126808,15625,130,3502,407187,10773,73463,171631,131976,15836,128,3380,407187,11092,73520,170021,132807,16175,127,3445,446311,11432,77843,188195,147263,18081,121,3376,446311,11743,77939,186144,148440,18465,137,3443,390258,9020,65228,163994,132683,16459,137,2737,390258,9517,64544,161957,134348,16897,134,2861
"75 ~ 79세","합계",226827,12693,67015,90430,47937,4918,58,3776,226827,12640,64769,88757,48460,5424,68,6709,244935,12448,69705,98604,54726,5856,61,3535,241388,12368,68018,96234,55047,6421,79,3221,267087,12576,73397,108845,61786,6450,73,3960,267378,12854,72129,107804,63166,7236,63,4126,293277,13322,77695,120356,69814,7667,75,4348,293277,13605,76405,119111,71206,8570,105,4275,334352,13996,84815,137861,83255,9393,96,4936,334352,14370,83611,136382,84585,10392,99,4913,343885,14127,82476,142391,89632,10421,113,4725,343885,14349,81283,140243,91524,11588,117,4781,387835,14881,89439,160747,104944,12493,110,5221,387835,15159,87797,158880,107056,13540,118,5285,416163,14798,90799,173176,117672,14159,123,5436,416163,14938,89363,171047,119708,15643,114,5350,414269,14616,87117,173383,119313,14761,109,4970,414269,14762,85604,170217,122633,15986,134,4933,372426,11824,74280,155481,112472,13909,134,4326,372426,12061,72235,153405,114949,15274,119,4383
"75 ~ 79세","남자",98895,4551,23605,39856,25762,3242,34,1845,98895,4391,22830,38813,26050,3472,39,3300,107936,4495,25082,43363,29315,3826,41,1814,106119,4355,24393,42315,29228,4063,49,1716,117857,4549,26305,47641,33136,4185,46,1995,117962,4606,26024,46947,33673,4631,34,2047,129706,4795,27744,52698,37203,4971,50,2245,129706,4896,27418,51954,37768,5460,72,2138,151263,5281,30858,61430,45019,6116,60,2499,151263,5337,30450,60419,45812,6754,63,2428,154273,5363,29907,62181,47728,6618,75,2401,154273,5250,29536,60901,48685,7388,75,2438,176398,5734,33080,70528,56210,8155,70,2621,176398,5727,32315,69731,57070,8765,74,2716,190833,5714,33714,76356,63063,9103,77,2806,190833,5684,32936,75839,63546,10032,67,2729,189365,5731,32626,76111,62818,9427,72,2580,189365,5573,31540,74862,64607,10127,93,2563,175310,4741,28502,70267,60387,8975,90,2348,175310,4707,27359,69405,61692,9777,81,2289
"75 ~ 79세","여자",127932,8142,43410,50574,22175,1676,24,1931,127932,8249,41939,49944,22410,1952,29,3409,136999,7953,44623,55241,25411,2030,20,1721,135269,8013,43625,53919,25819,2358,30,1505,149230,8027,47092,61204,28650,2265,27,1965,149416,8248,46105,60857,29493,2605,29,2079,163571,8527,49951,67658,32611,2696,25,2103,163571,8709,48987,67157,33438,3110,33,2137,183089,8715,53957,76431,38236,3277,36,2437,183089,9033,53161,75963,38773,3638,36,2485,189612,8764,52569,80210,41904,3803,38,2324,189612,9099,51747,79342,42839,4200,42,2343,211437,9147,56359,90219,48734,4338,40,2600,211437,9432,55482,89149,49986,4775,44,2569,225330,9084,57085,96820,54609,5056,46,2630,225330,9254,56427,95208,56162,5611,47,2621,224904,8885,54491,97272,56495,5334,37,2390,224904,9189,54064,95355,58026,5859,41,2370,197116,7083,45778,85214,52085,4934,44,1978,197116,7354,44876,84000,53257,5497,38,2094
"80 ~ 84세","합계",114366,9603,40824,41641,17930,1546,14,2808,114366,9624,39337,40264,18575,1799,17,4750,128418,9647,44534,47947,21833,1939,35,2483,125944,9701,42709,46606,22530,2162,33,2203,138899,9999,46872,52495,24628,2187,22,2696,139344,9998,45774,52269,25577,2526,25,3175,165798,11181,53759,63712,30688,2842,31,3585,165798,11665,52422,62993,31850,3242,34,3592,193357,12459,61131,74908,37181,3492,38,4148,193357,12420,59461,74707,38504,3967,40,4258,217859,13281,65475,86202,44265,4366,43,4227,217859,13628,63644,85305,45985,5025,41,4231,241803,14061,70310,96751,50976,4965,55,4685,241803,14365,68797,95257,53042,5644,53,4645,253020,13376,71049,102895,55515,5397,39,4749,253020,13742,69158,101211,58001,6177,49,4682,291760,15467,79169,120265,65463,6550,59,4787,291760,15610,77246,118249,68523,7319,64,4749,234591,11490,60826,96997,55853,5565,51,3809,234591,11410,58567,95919,58573,6300,46,3776
"80 ~ 84세","남자",45860,3095,13740,17676,9199,903,8,1239,45860,3088,13218,16908,9375,1070,11,2190,51729,3125,15203,20164,10846,1177,18,1196,50534,3084,14718,19231,11055,1318,14,1114,56465,3402,16110,21937,12450,1311,13,1242,56558,3288,15913,21718,12821,1462,13,1343,67044,3648,18121,26578,15335,1713,14,1635,67044,3759,17943,26084,15799,1846,20,1593,80965,4276,21756,31720,19151,2151,20,1891,80965,4213,21284,31579,19529,2408,22,1930,92264,4596,23120,37184,22674,2703,18,1969,92264,4662,22814,36431,23388,2987,25,1957,103354,4889,25221,41712,26225,3032,28,2247,103354,4973,24784,41046,26971,3378,30,2172,110345,4960,25844,45174,28753,3308,25,2281,110345,4995,25433,44254,29723,3694,30,2216,127749,5886,28791,52507,34018,4116,34,2397,127749,5763,28408,51468,35167,4525,35,2383,106841,4484,23164,44045,29621,3493,36,1998,106841,4407,22457,43195,31036,3843,30,1873
"80 ~ 84세","여자",68506,6508,27084,23965,8731,643,6,1569,68506,6536,26119,23356,9200,729,6,2560,76689,6522,29331,27783,10987,762,17,1287,75410,6617,27991,27375,11475,844,19,1089,82434,6597,30762,30558,12178,876,9,1454,82786,6710,29861,30551,12756,1064,12,1832,98754,7533,35638,37134,15353,1129,17,1950,98754,7906,34479,36909,16051,1396,14,1999,112392,8183,39375,43188,18030,1341,18,2257,112392,8207,38177,43128,18975,1559,18,2328,125595,8685,42355,49018,21591,1663,25,2258,125595,8966,40830,48874,22597,2038,16,2274,138449,9172,45089,55039,24751,1933,27,2438,138449,9392,44013,54211,26071,2266,23,2473,142675,8416,45205,57721,26762,2089,14,2468,142675,8747,43725,56957,28278,2483,19,2466,164011,9581,50378,67758,31445,2434,25,2390,164011,9847,48838,66781,33356,2794,29,2366,127750,7006,37662,52952,26232,2072,15,1811,127750,7003,36110,52724,27537,2457,16,1903
"85세 이상","합계",30616,5097,12821,8382,2682,157,7,1470,30616,4991,12334,8234,2764,198,5,2090,30668,4552,12937,8957,3080,222,10,910,29754,4551,12130,8943,3213,259,5,653,37317,5267,15383,11312,3869,273,5,1208,37871,5191,14993,11384,4201,347,11,1744,43767,6196,17508,13238,4672,337,6,1810,43767,6298,17054,13121,4973,426,10,1885,51718,6650,20185,16170,6030,425,7,2251,51718,6730,19528,16162,6471,572,11,2244,55238,7228,20620,17949,6704,564,14,2159,55238,7208,20095,17888,7135,675,6,2231,62704,7725,23394,20440,8054,641,7,2443,62704,7777,22604,20662,8508,747,12,2394,64828,7263,23406,22102,9019,628,14,2396,64828,7237,22734,21981,9633,791,11,2441,76747,8791,27467,26734,10875,796,7,2077,76747,8824,26413,26926,11488,942,18,2136,62169,6446,21375,22302,9576,716,8,1746,62169,6413,20758,22275,10085,871,9,1758
"85세 이상","남자",11609,1321,4478,3816,1465,99,1,429,11609,1274,4291,3727,1475,129,-,713,11725,1200,4542,3899,1586,139,2,357,11365,1194,4174,3897,1612,164,1,323,13251,1290,4843,4598,1898,177,2,443,13326,1274,4723,4538,2079,216,7,489,15097,1455,5335,5323,2240,192,3,549,15097,1482,5243,5147,2399,256,5,565,18003,1600,6085,6443,2949,256,5,665,18003,1620,5985,6314,3090,326,6,662,18863,1699,6151,6888,3144,345,6,630,18863,1699,6054,6799,3287,359,1,664,21834,1891,7010,7959,3816,372,6,780,21834,1883,6787,7945,4067,407,7,738,23245,1870,7181,8687,4376,375,6,750,23245,1813,6939,8703,4608,439,5,738,28074,2278,8554,10669,5320,456,2,795,28074,2285,8304,10654,5513,548,10,760,23979,1737,7028,9196,4906,437,4,671,23979,1734,6823,9154,5033,535,2,698
"85세 이상","여자",19007,3776,8343,4566,1217,58,6,1041,19007,3717,8043,4507,1289,69,5,1377,18943,3352,8395,5058,1494,83,8,553,18389,3357,7956,5046,1601,95,4,330,24066,3977,10540,6714,1971,96,3,765,24545,3917,10270,6846,2122,131,4,1255,28670,4741,12173,7915,2432,145,3,1261,28670,4816,11811,7974,2574,170,5,1320,33715,5050,14100,9727,3081,169,2,1586,33715,5110,13543,9848,3381,246,5,1582,36375,5529,14469,11061,3560,219,8,1529,36375,5509,14041,11089,3848,316,5,1567,40870,5834,16384,12481,4238,269,1,1663,40870,5894,15817,12717,4441,340,5,1656,41583,5393,16225,13415,4643,253,8,1646,41583,5424,15795,13278,5025,352,6,1703,48673,6513,18913,16065,5555,340,5,1282,48673,6539,18109,16272,5975,394,8,1376,38190,4709,14347,13106,4670,279,4,1075,38190,4679,13935,13121,5052,336,7,1060
