년도,시력,눈,성별,합계,19세이하,20 - 24세,25 - 29세,30 - 34세,35 - 39세,40 - 44세,45 - 49세,50 - 54세,55 - 59세,60 - 64세,65 - 69세,70 - 74세,75 - 79세,80 - 84세,85세이상
2011,소계,좌,남자,6117787,8912,119895,538196,809839,776755,686637,735724,820436,542879,471320,176091,274739,98895,45860,11609
2011,소계,좌,여자,4952782,13154,172911,421785,352154,293600,552265,593848,840755,519564,500735,157146,319420,127932,68506,19007
2011,소계,좌,합계,11070569,22066,292806,959981,1161993,1070355,1238902,1329572,1661191,1062443,972055,333237,594159,226827,114366,30616
2011,0.1 이하,좌,남자,66838,91,829,4187,6061,5483,4755,5903,7553,5627,6070,3299,8013,4551,3095,1321
2011,0.1 이하,좌,여자,85118,126,2302,4715,3315,2091,4060,5189,9486,7153,10039,4887,13329,8142,6508,3776
2011,0.1 이하,좌,합계,151956,217,3131,8902,9376,7574,8815,11092,17039,12780,16109,8186,21342,12693,9603,5097
2011,0.2-0.4,우,남자,311445,644,5529,20489,23469,16107,16933,25020,32258,26375,36715,20720,46847,22830,13218,4291
2011,0.2-0.4,우,여자,500556,979,12799,27649,19815,12773,26000,34867,59185,46509,67291,32492,84096,41939,26119,8043
2011,0.2-0.4,우,합계,812001,1623,18328,48138,43284,28880,42933,59887,91443,72884,104006,53212,130943,64769,39337,12334
2011,0.5-0.7,우,남자,921498,1394,12931,53342,69528,55101,59262,87844,125490,107902,127396,58934,102926,38813,16908,3727
2011,0.5-0.7,우,여자,1118212,1998,25065,56306,44250,33240,73656,102532,185161,144426,177307,64024,132440,49944,23356,4507
2011,0.5-0.7,우,합계,2039710,3392,37996,109648,113778,88341,132918,190376,310651,252328,304703,122958,235366,88757,40264,8234
2011,0.8-1.0,우,남자,2356656,3055,38158,181209,272684,256888,252688,306192,370688,256729,215938,71960,93567,26050,9375,1475
2011,0.8-1.0,우,여자,2008190,5179,69828,172666,143227,118004,235867,271546,396548,239674,199817,47147,75788,22410,9200,1289
2011,0.8-1.0,우,합계,4364846,8234,107986,353875,415911,374892,488555,577738,767236,496403,415755,119107,169355,48460,18575,2764
2011,1.1-1.5,우,남자,2319432,3543,57981,263251,415653,420716,335277,296390,271111,138575,77783,17965,16516,3472,1070,129
2011,1.1-1.5,우,여자,1173651,4674,60467,154537,136575,122536,205114,173663,182837,77136,40143,5915,7304,1952,729,69
2011,1.1-1.5,우,합계,3493083,8217,118448,417788,552228,543252,540391,470053,453948,215711,117926,23880,23820,5424,1799,198
2011,1.6-2.0,우,남자,99196,163,4254,14767,20701,20676,15108,10550,7802,3249,1411,247,218,39,11,-
2011,1.6-2.0,우,여자,31170,146,2200,5122,4334,4319,6028,3998,3351,1039,432,76,85,29,6,5
2011,1.6-2.0,우,합계,130366,309,6454,19889,25035,24995,21136,14548,11153,4288,1843,323,303,68,17,5
2011,기타,우,남자,42659,7,162,776,1531,1757,2602,3945,5565,4368,6041,2964,6738,3300,2190,713
2011,기타,우,여자,33328,11,142,403,524,523,1340,1863,3906,3298,5390,2484,6098,3409,2560,1377
2011,기타,우,합계,75987,18,304,1179,2055,2280,3942,5808,9471,7666,11431,5448,12836,6709,4750,2090
2011,0.2-0.4,좌,남자,312168,621,5183,18909,22539,15571,16303,24452,32728,27263,37394,21248,48134,23605,13740,4478
2011,0.2-0.4,좌,여자,497552,938,12024,26457,18765,12085,25134,34232,58204,45669,67269,32658,85280,43410,27084,8343
2011,0.2-0.4,좌,합계,809720,1559,17207,45366,41304,27656,41437,58684,90932,72932,104663,53906,133414,67015,40824,12821
2011,0.5-0.7,좌,남자,928650,1373,12831,52310,68514,54130,59064,88277,126476,108973,129662,60068,105624,39856,17676,3816
2011,0.5-0.7,좌,여자,1121833,2071,25037,55909,43709,32048,72517,101526,186356,145187,178189,64875,135304,50574,23965,4566
2011,0.5-0.7,좌,합계,2050483,3444,37868,108219,112223,86178,131581,189803,312832,254160,307851,124943,240928,90430,41641,8382
2011,0.8-1.0,좌,남자,2356250,3092,37786,181102,272255,257450,253899,306270,370396,256047,215792,72270,93465,25762,9199,1465
2011,0.8-1.0,좌,여자,2004000,5075,69505,171012,142268,117215,234834,270790,395944,240474,201865,47685,75210,22175,8731,1217
2011,0.8-1.0,좌,합계,4360250,8167,107291,352114,414523,374665,488733,577060,766340,496521,417657,119955,168675,47937,17930,2682
2011,1.1-1.5,좌,남자,2323867,3568,58936,265832,417915,420485,334452,297013,271592,139101,77582,17399,15748,3242,903,99
2011,1.1-1.5,좌,여자,1188737,4785,61701,157654,138754,124758,207322,176099,184681,78112,39996,5653,6845,1676,643,58
2011,1.1-1.5,좌,합계,3512604,8353,120637,423486,556669,545243,541774,473112,456273,217213,117578,23052,22593,4918,1546,157
2011,1.6-2.0,좌,남자,108226,164,4241,15441,21853,22701,16984,12162,9063,3570,1582,231,191,34,8,1
2011,1.6-2.0,좌,여자,36893,151,2253,5788,5014,5090,7635,5020,4051,1214,487,77,77,24,6,6
2011,1.6-2.0,좌,합계,145119,315,6494,21229,26867,27791,24619,17182,13114,4784,2069,308,268,58,14,7
2011,기타,좌,남자,21788,3,89,415,702,935,1180,1647,2628,2298,3238,1576,3564,1845,1239,429
2011,기타,좌,여자,18649,8,89,250,329,313,763,992,2033,1755,2890,1311,3375,1931,1569,1041
2011,기타,좌,합계,40437,11,178,665,1031,1248,1943,2639,4661,4053,6128,2887,6939,3776,2808,1470
2011,소계,우,남자,6117787,8912,119895,538196,809839,776755,686637,735724,820436,542879,471320,176091,274739,98895,45860,11609
2011,소계,우,여자,4952782,13154,172911,421785,352154,293600,552265,593848,840755,519564,500735,157146,319420,127932,68506,19007
2011,소계,우,합계,11070569,22066,292806,959981,1161993,1070355,1238902,1329572,1661191,1062443,972055,333237,594159,226827,114366,30616
2011,0.1 이하,우,남자,66901,106,880,4362,6273,5510,4767,5783,7522,5681,6036,3301,7927,4391,3088,1274
2011,0.1 이하,우,여자,87675,167,2410,5102,3429,2205,4260,5379,9767,7482,10355,5008,13609,8249,6536,3717
2011,0.1 이하,우,합계,154576,273,3290,9464,9702,7715,9027,11162,17289,13163,16391,8309,21536,12640,9624,4991
2012,소계,좌,남자,6275429,11872,127694,480202,791262,751128,711721,750813,893619,610469,508624,167842,298793,107936,51729,11725
2012,소계,좌,여자,5139872,13971,162155,381093,390409,331836,562606,610252,865542,541479,544193,154507,349198,136999,76689,18943
2012,소계,좌,합계,11415301,25843,289849,861295,1181671,1082964,1274327,1361065,1759161,1151948,1052817,322349,647991,244935,128418,30668
2012,0.1 이하,좌,남자,53161,85,711,2294,3362,3072,3340,4197,5818,4547,5780,2901,8234,4495,3125,1200
2012,0.1 이하,좌,여자,81032,133,1955,3813,3242,2069,3765,5029,8678,6787,9665,4424,13645,7953,6522,3352
2012,0.1 이하,좌,합계,134193,218,2666,6107,6604,5141,7105,9226,14496,11334,15445,7325,21879,12448,9647,4552
2012,0.2-0.4,우,남자,317856,913,5708,17735,23465,15702,17462,25243,34927,28935,37280,18785,48416,24393,14718,4174
2012,0.2-0.4,우,여자,507135,1138,11936,24599,21305,13893,27263,36149,59197,45809,68546,29820,87908,43625,27991,7956
2012,0.2-0.4,우,합계,824991,2051,17644,42334,44770,29595,44725,61392,94124,74744,105826,48605,136324,68018,42709,12130
2012,0.5-0.7,우,남자,962041,1874,13712,48105,69872,53794,62796,90610,136477,117749,134876,55151,111582,42315,19231,3897
2012,0.5-0.7,우,여자,1161803,2400,23298,51200,48695,36551,75951,106589,188166,147855,187706,62284,144768,53919,27375,5046
2012,0.5-0.7,우,합계,2123844,4274,37010,99305,118567,90345,138747,197199,324643,265604,322582,117435,256350,96234,46606,8943
2012,0.8-1.0,우,남자,2437960,4245,40091,159736,265146,247196,262497,313704,404624,289929,234812,69911,104174,29228,11055,1612
2012,0.8-1.0,우,여자,2093493,5545,64882,152798,157373,133101,240690,279005,409238,251504,223934,49224,87304,25819,11475,1601
2012,0.8-1.0,우,합계,4531453,9790,104973,312534,422519,380297,503187,592709,813862,541433,458746,119135,191478,55047,22530,3213
2012,1.1-1.5,우,남자,2376119,4559,63469,240268,410367,411509,349212,304278,298967,161764,88640,18127,19414,4063,1318,164
2012,1.1-1.5,우,여자,1233027,4616,58072,143921,154666,141344,207802,177789,193049,85101,48087,6382,8901,2358,844,95
2012,1.1-1.5,우,합계,3609146,9175,121541,384189,565033,552853,557014,482067,492016,246865,136727,24509,28315,6421,2162,259
2012,1.6-2.0,우,남자,89611,178,3797,11416,17525,18402,14325,10052,8136,3593,1630,255,238,49,14,1
2012,1.6-2.0,우,여자,29784,98,1709,4162,4572,4434,5849,3878,3264,1087,499,75,104,30,19,4
2012,1.6-2.0,우,합계,119395,276,5506,15578,22097,22836,20174,13930,11400,4680,2129,330,342,79,33,5
2012,기타,우,남자,18207,5,64,246,633,678,962,1258,2143,1934,2586,1345,3200,1716,1114,323
2012,기타,우,여자,14246,2,57,140,176,177,538,720,1653,1373,2435,1083,2968,1505,1089,330
2012,기타,우,합계,32453,7,121,386,809,855,1500,1978,3796,3307,5021,2428,6168,3221,2203,653
2012,0.2-0.4,좌,남자,318157,871,5331,16467,22225,15088,16843,24796,35198,29679,37989,19120,49723,25082,15203,4542
2012,0.2-0.4,좌,여자,504043,1088,11154,23314,20288,13081,26226,35379,58613,45406,68192,29836,89117,44623,29331,8395
2012,0.2-0.4,좌,합계,822200,1959,16485,39781,42513,28169,43069,60175,93811,75085,106181,48956,138840,69705,44534,12937
2012,0.5-0.7,좌,남자,968826,1826,13209,47137,68518,53128,62261,90372,137875,119429,136988,55991,114666,43363,20164,3899
2012,0.5-0.7,좌,여자,1166980,2361,23159,50283,47630,35717,75369,106552,189131,148422,189550,63038,147686,55241,27783,5058
2012,0.5-0.7,좌,합계,2135806,4187,36368,97420,116148,88845,137630,196924,327006,267851,326538,119029,262352,98604,47947,8957
2012,0.8-1.0,좌,남자,2430920,4272,40299,158327,263038,246315,263283,313952,403094,287798,234741,70378,103676,29315,10846,1586
2012,0.8-1.0,좌,여자,2080584,5540,64872,151088,155387,131452,238281,276736,406730,251140,224695,49689,87082,25411,10987,1494
2012,0.8-1.0,좌,합계,4511504,9812,105171,309415,418425,377767,501564,590688,809824,538938,459436,120067,190758,54726,21833,3080
2012,1.1-1.5,좌,남자,2383833,4607,64107,243463,414235,412319,348589,304380,299645,162733,88219,17736,18658,3826,1177,139
2012,1.1-1.5,좌,여자,1254151,4721,59167,147637,158136,143769,210818,180794,196321,86630,48635,6336,8312,2030,762,83
2012,1.1-1.5,좌,합계,3637984,9328,123274,391100,572371,556088,559407,485174,495966,249363,136854,24072,26970,5856,1939,222
2012,1.6-2.0,좌,남자,99735,201,3944,12187,19186,20430,16256,11644,9419,4166,1746,270,225,41,18,2
2012,1.6-2.0,좌,여자,36646,125,1774,4802,5462,5509,7517,4895,4228,1453,679,67,90,20,17,8
2012,1.6-2.0,좌,합계,136381,326,5718,16989,24648,25939,23773,16539,13647,5619,2425,337,315,61,35,10
2012,기타,좌,남자,20797,10,93,327,698,776,1149,1472,2570,2117,3161,1446,3611,1814,1196,357
2012,기타,좌,여자,16436,3,74,156,264,239,630,867,1841,1641,2777,1117,3266,1721,1287,553
2012,기타,좌,합계,37233,13,167,483,962,1015,1779,2339,4411,3758,5938,2563,6877,3535,2483,910
2012,소계,우,남자,6254568,11861,127601,479875,790552,750342,710564,749331,891047,608344,505456,166393,295184,106119,50534,11365
2012,소계,우,여자,5123410,13968,162082,380936,390143,331593,561973,609377,863705,539837,541403,153388,345937,135269,75410,18389
2012,소계,우,합계,11377978,25829,289683,860811,1180695,1081935,1272537,1358708,1754752,1148181,1046859,319781,641121,241388,125944,29754
2012,0.1 이하,우,남자,52774,87,760,2369,3544,3061,3310,4186,5773,4440,5632,2819,8160,4355,3084,1194
2012,0.1 이하,우,여자,83922,169,2128,4116,3356,2093,3880,5247,9138,7108,10196,4520,13984,8013,6617,3357
2012,0.1 이하,우,합계,136696,256,2888,6485,6900,5154,7190,9433,14911,11548,15828,7339,22144,12368,9701,4551
2013,소계,좌,남자,6257249,15616,137007,489389,828386,732900,733663,748006,822642,613224,483956,169747,295140,117857,56465,13251
2013,소계,좌,여자,5120162,14776,173507,389825,377755,287598,570809,623093,824311,591271,520285,148243,342959,149230,82434,24066
2013,소계,좌,합계,11377411,30392,310514,879214,1206141,1020498,1304472,1371099,1646953,1204495,1004241,317990,638099,267087,138899,37317
2013,0.1 이하,좌,남자,50180,172,741,2261,3440,2762,3030,3877,4963,4380,5013,2701,7599,4549,3402,1290
2013,0.1 이하,좌,여자,78441,199,2087,4019,3190,1787,3921,4880,7946,6960,8661,3755,12435,8027,6597,3977
2013,0.1 이하,좌,합계,128621,371,2828,6280,6630,4549,6951,8757,12909,11340,13674,6456,20034,12576,9999,5267
2013,0.2-0.4,우,남자,316022,1177,6375,18969,25581,15781,17935,25047,31598,28225,34138,18049,46487,26024,15913,4723
2013,0.2-0.4,우,여자,502295,1315,12880,25639,21239,12422,27733,37586,55742,48200,63044,26921,83338,46105,29861,10270
2013,0.2-0.4,우,합계,818317,2492,19255,44608,46820,28203,45668,62633,87340,76425,97182,44970,129825,72129,45774,14993
2013,0.5-0.7,우,남자,967936,2490,15086,50264,76240,54893,64795,90195,126390,119176,128121,55488,111595,46947,21718,4538
2013,0.5-0.7,우,여자,1173286,2587,25419,52296,48499,32857,77214,109393,181118,160677,180519,59896,144557,60857,30551,6846
2013,0.5-0.7,우,합계,2141222,5077,40505,102560,124739,87750,142009,199588,307508,279853,308640,115384,256152,107804,52269,11384
2013,0.8-1.0,우,남자,2436408,5526,43101,162540,280492,242376,269965,311955,374060,292508,226791,72494,106027,33673,12821,2079
2013,0.8-1.0,우,여자,2100734,5934,69416,156078,153157,116563,243648,285593,391238,278312,217577,49363,89484,29493,12756,2122
2013,0.8-1.0,우,합계,4537142,11460,112517,318618,433649,358939,513613,597548,765298,570820,444368,121857,195511,63166,25577,4201
2013,1.1-1.5,우,남자,2381353,5992,67392,243653,424599,399649,362944,306091,276271,163582,85805,19361,19705,4631,1462,216
2013,1.1-1.5,우,여자,1217202,4604,61737,147031,147222,119986,211898,180878,183096,93892,46975,6815,9268,2605,1064,131
2013,1.1-1.5,우,합계,3598555,10596,129129,390684,571821,519635,574842,486969,459367,257474,132780,26176,28973,7236,2526,347
2013,1.6-2.0,우,남자,84967,236,4137,11147,17158,16786,13838,9391,6937,3423,1358,283,219,34,13,7
2013,1.6-2.0,우,여자,28049,103,1752,4223,4110,3733,5649,3695,2961,1120,496,59,103,29,12,4
2013,1.6-2.0,우,합계,113016,339,5889,15370,21268,20519,19487,13086,9898,4543,1854,342,322,63,25,11
2013,기타,우,남자,21549,10,83,341,719,814,1287,1583,2543,2295,2859,1496,3640,2047,1343,489
2013,기타,우,여자,19044,2,90,236,350,317,785,960,1971,1862,2616,1226,3463,2079,1832,1255
2013,기타,우,합계,40593,12,173,577,1069,1131,2072,2543,4514,4157,5475,2722,7103,4126,3175,1744
2013,0.2-0.4,좌,남자,314518,1126,5899,17678,24158,14993,17282,24607,31805,28932,35272,18148,47360,26305,16110,4843
2013,0.2-0.4,좌,여자,496743,1247,11916,24066,20195,11860,26421,36608,54981,47839,62466,26785,83965,47092,30762,10540
2013,0.2-0.4,좌,합계,811261,2373,17815,41744,44353,26853,43703,61215,86786,76771,97738,44933,131325,73397,46872,15383
2013,0.5-0.7,좌,남자,968932,2360,14883,49348,74909,53915,64300,89956,127377,119958,129654,55745,112351,47641,21937,4598
2013,0.5-0.7,좌,여자,1173637,2655,25603,52348,47967,31978,76775,109119,181476,160883,180490,60146,145721,61204,30558,6714
2013,0.5-0.7,좌,합계,2142569,5015,40486,101696,122876,85893,141075,199075,308853,280841,310144,115891,258072,108845,52495,11312
2013,0.8-1.0,좌,남자,2421749,5729,42786,161425,278709,241393,269738,310735,371687,290088,224444,72327,105204,33136,12450,1898
2013,0.8-1.0,좌,여자,2083106,5935,69285,154495,150726,114927,241100,282525,388157,276701,218081,49677,88698,28650,12178,1971
2013,0.8-1.0,좌,합계,4504855,11664,112071,315920,429435,356320,510838,593260,759844,566789,442525,122004,193902,61786,24628,3869
2013,1.1-1.5,좌,남자,2386507,5969,68427,246402,427872,400411,362404,306380,276088,163738,85197,19085,18861,4185,1311,177
2013,1.1-1.5,좌,여자,1237553,4613,62576,150009,150654,122337,214732,184295,186261,95766,47573,6623,8877,2265,876,96
2013,1.1-1.5,좌,합계,3624060,10582,131003,396411,578526,522748,577136,490675,462349,259504,132770,25708,27738,6450,2187,273
2013,1.6-2.0,좌,남자,94956,250,4180,11966,18676,18679,15834,10972,8324,3963,1572,270,209,46,13,2
2013,1.6-2.0,좌,여자,34213,123,1969,4731,4795,4510,7244,4831,3763,1488,553,78,89,27,9,3
2013,1.6-2.0,좌,합계,129169,373,6149,16697,23471,23189,23078,15803,12087,5451,2125,348,298,73,22,5
2013,기타,좌,남자,20407,10,91,309,622,747,1075,1479,2398,2165,2804,1471,3556,1995,1242,443
2013,기타,좌,여자,16469,4,71,157,228,199,616,835,1727,1634,2461,1179,3174,1965,1454,765
2013,기타,좌,합계,36876,14,162,466,850,946,1691,2314,4125,3799,5265,2650,6730,3960,2696,1208
2013,소계,우,남자,6258804,15618,137016,489427,828498,733002,733846,748183,822828,613373,484089,169798,295280,117962,56558,13326
2013,소계,우,여자,5122491,14777,173528,389911,377891,287706,570945,623213,824516,591385,520414,148298,343160,149416,82786,24545
2013,소계,우,합계,11381295,30395,310544,879338,1206389,1020708,1304791,1371396,1647344,1204758,1004503,318096,638440,267378,139344,37871
2013,0.1 이하,우,남자,50569,187,842,2513,3709,2703,3082,3921,5029,4164,5017,2627,7607,4606,3288,1274
2013,0.1 이하,우,여자,81881,232,2234,4408,3314,1828,4018,5108,8390,7322,9187,4018,12947,8248,6710,3917
2013,0.1 이하,우,합계,132450,419,3076,6921,7023,4531,7100,9029,13419,11486,14204,6645,20554,12854,9998,5191
2014,소계,좌,남자,6716277,15918,141902,493243,818080,777952,747814,825406,910222,703355,561436,193643,315459,129706,67044,15097
2014,소계,좌,여자,5585304,12937,178255,393581,414686,361085,583150,687001,891009,634061,601254,168647,368643,163571,98754,28670
2014,소계,좌,합계,12301581,28855,320157,886824,1232766,1139037,1330964,1512407,1801231,1337416,1162690,362290,684102,293277,165798,43767
2014,0.1 이하,좌,남자,51904,154,720,2171,3194,2712,2968,4039,5380,4729,5391,2970,7578,4795,3648,1455
2014,0.1 이하,좌,여자,81444,188,1944,3689,3150,2056,3750,5155,8111,6783,9208,3975,12634,8527,7533,4741
2014,0.1 이하,좌,합계,133348,342,2664,5860,6344,4768,6718,9194,13491,11512,14599,6945,20212,13322,11181,6196
2014,0.2-0.4,우,남자,330107,1218,6674,18874,24325,16351,17170,26282,33591,30709,37340,19272,47697,27418,17943,5243
2014,0.2-0.4,우,여자,525981,1275,12859,24499,21861,14499,27330,39734,57610,48794,68086,28436,85721,48987,34479,11811
2014,0.2-0.4,우,합계,856088,2493,19533,43373,46186,30850,44500,66016,91201,79503,105426,47708,133418,76405,52422,17054
2014,0.5-0.7,우,남자,1038131,2458,15829,50157,74200,57570,64475,96494,136349,132249,144311,62553,118301,51954,26084,5147
2014,0.5-0.7,우,여자,1265980,2252,25643,51324,50563,39812,77422,118361,190881,168811,205123,67987,155761,67157,36909,7974
2014,0.5-0.7,우,합계,2304111,4710,41472,101481,124763,97382,141897,214855,327230,301060,349434,130540,274062,119111,62993,13121
2014,0.8-1.0,우,남자,2636550,5822,44605,162625,275941,256524,273520,344479,414970,337135,265253,84268,115442,37768,15799,2399
2014,0.8-1.0,우,여자,2298182,5055,70454,155172,165076,143866,248923,315388,425811,301096,257253,58365,99660,33438,16051,2574
2014,0.8-1.0,우,합계,4934732,10877,115059,317797,441017,400390,522443,659867,840781,638231,522506,142633,215102,71206,31850,4973
2014,1.1-1.5,우,남자,2550576,6021,69926,247686,423054,427031,375008,342545,310155,192164,104329,22891,22204,5460,1846,256
2014,1.1-1.5,우,여자,1360407,4024,65156,154041,168940,155797,219353,203234,203258,105076,57806,8316,10730,3110,1396,170
2014,1.1-1.5,우,합계,3910983,10045,135082,401727,591994,582828,594361,545779,513413,297240,162135,31207,32934,8570,3242,426
2014,1.6-2.0,우,남자,85580,216,3917,11169,16465,16864,13393,9828,7433,3883,1743,325,247,72,20,5
2014,1.6-2.0,우,여자,29794,88,1787,4111,4514,4635,5504,3998,3104,1314,521,92,74,33,14,5
2014,1.6-2.0,우,합계,115374,304,5704,15280,20979,21499,18897,13826,10537,5197,2264,417,321,105,34,10
2014,기타,우,남자,22950,8,126,360,719,878,1300,1730,2604,2452,3097,1551,3829,2138,1593,565
2014,기타,우,여자,19437,3,95,199,349,390,732,964,1822,1831,2693,1309,3594,2137,1999,1320
2014,기타,우,합계,42387,11,221,559,1068,1268,2032,2694,4426,4283,5790,2860,7423,4275,3592,1885
2014,0.2-0.4,좌,남자,327218,1161,6130,17244,22845,15673,16375,25592,33746,31179,38048,19469,48556,27744,18121,5335
2014,0.2-0.4,좌,여자,518175,1166,11958,22952,20575,13609,25861,38901,56619,47825,67119,28336,85492,49951,35638,12173
2014,0.2-0.4,좌,합계,845393,2327,18088,40196,43420,29282,42236,64493,90365,79004,105167,47805,134048,77695,53759,17508
2014,0.5-0.7,좌,남자,1040985,2433,15440,49223,73191,56680,64181,97148,137317,133294,145626,62833,119020,52698,26578,5323
2014,0.5-0.7,좌,여자,1263136,2271,25595,50751,50158,38610,76423,118050,190586,168484,204660,67871,156970,67658,37134,7915
2014,0.5-0.7,좌,합계,2304121,4704,41035,99974,123349,95290,140604,215198,327903,301778,350286,130704,275990,120356,63712,13238
2014,0.8-1.0,좌,남자,2622213,5798,44535,161398,274307,255661,274603,342872,411849,333773,263179,84246,115214,37203,15335,2240
2014,0.8-1.0,좌,여자,2284421,5148,70709,154030,163025,142008,246701,312438,422885,300728,257705,58939,99709,32611,15353,2432
2014,0.8-1.0,좌,합계,4906634,10946,115244,315428,437332,397669,521304,655310,834734,634501,520884,143185,214923,69814,30688,4672
2014,1.1-1.5,좌,남자,2555163,6137,70852,251023,425797,427414,373049,342694,310702,193484,104033,22136,20966,4971,1713,192
2014,1.1-1.5,좌,여자,1382319,4044,66007,157300,171985,158875,222415,206252,207035,106829,59171,8191,10245,2696,1129,145
2014,1.1-1.5,좌,합계,3937482,10181,136859,408323,597782,586289,595464,548946,517737,300313,163204,30327,31211,7667,2842,337
2014,1.6-2.0,좌,남자,95426,227,4090,11811,18015,18892,15400,11340,8556,4454,1993,342,239,50,14,3
2014,1.6-2.0,좌,여자,36614,115,1943,4651,5443,5541,7215,5175,3934,1679,701,88,84,25,17,3
2014,1.6-2.0,좌,합계,132040,342,6033,16462,23458,24433,22615,16515,12490,6133,2694,430,323,75,31,6
2014,기타,좌,남자,23368,8,135,373,731,920,1238,1721,2672,2442,3166,1647,3886,2245,1635,549
2014,기타,좌,여자,19195,5,99,208,350,386,785,1030,1839,1733,2690,1247,3509,2103,1950,1261
2014,기타,좌,합계,42563,13,234,581,1081,1306,2023,2751,4511,4175,5856,2894,7395,4348,3585,1810
2014,소계,우,남자,6716277,15918,141902,493243,818080,777952,747814,825406,910222,703355,561436,193643,315459,129706,67044,15097
2014,소계,우,여자,5585304,12937,178255,393581,414686,361085,583150,687001,891009,634061,601254,168647,368643,163571,98754,28670
2014,소계,우,합계,12301581,28855,320157,886824,1232766,1139037,1330964,1512407,1801231,1337416,1162690,362290,684102,293277,165798,43767
2014,0.1 이하,우,남자,52383,175,825,2372,3376,2734,2948,4048,5120,4763,5363,2783,7739,4896,3759,1482
2014,0.1 이하,우,여자,85523,240,2261,4235,3383,2086,3886,5322,8523,7139,9772,4142,13103,8709,7906,4816
2014,0.1 이하,우,합계,137906,415,3086,6607,6759,4820,6834,9370,13643,11902,15135,6925,20842,13605,11665,6298
2015,소계,좌,남자,7554209,16029,146573,501664,807101,805393,1059160,897594,961998,772372,626638,385496,323960,151263,80965,18003
2015,소계,좌,여자,6471202,11869,184580,405264,464806,388495,883930,755705,923252,720473,658771,381659,363202,183089,112392,33715
2015,소계,좌,합계,14025411,27898,331153,906928,1271907,1193888,1943090,1653299,1885250,1492845,1285409,767155,687162,334352,193357,51718
2015,0.1 이하,좌,남자,57190,156,815,2269,3181,2813,4165,4177,5281,4787,5567,5438,7384,5281,4276,1600
2015,0.1 이하,좌,여자,89409,190,2026,3806,3600,2351,5453,5790,8047,7205,9201,8123,11669,8715,8183,5050
2015,0.1 이하,좌,합계,146599,346,2841,6075,6781,5164,9618,9967,13328,11992,14768,13561,19053,13996,12459,6650
2015,0.2-0.4,우,남자,363188,1216,7198,19123,24150,17452,23982,27022,33700,31523,38138,35973,45992,30450,21284,5985
2015,0.2-0.4,우,여자,589220,1129,13224,25125,24845,15929,40108,43952,57935,52555,70191,59123,80223,53161,38177,13543
2015,0.2-0.4,우,합계,952408,2345,20422,44248,48995,33381,64090,70974,91635,84078,108329,95096,126215,83611,59461,19528
2015,0.5-0.7,우,남자,1174699,2388,16817,51358,74032,61135,88926,103152,139507,142155,155463,121994,119460,60419,31579,6314
2015,0.5-0.7,우,여자,1458553,2198,26629,52553,57804,43201,112884,129082,193377,188307,219471,151403,152705,75963,43128,9848
2015,0.5-0.7,우,합계,2633252,4586,43446,103911,131836,104336,201810,232234,332884,330462,374934,273397,272165,136382,74707,16162
2015,0.8-1.0,우,남자,2977606,5832,46628,164443,271345,265696,380363,371921,438119,370561,300025,171551,122691,45812,19529,3090
2015,0.8-1.0,우,여자,2674232,4689,73338,160449,186082,155490,369203,346042,442515,345810,287996,138870,102619,38773,18975,3381
2015,0.8-1.0,우,합계,5651838,10521,119966,324892,457427,421186,749566,717963,880634,716371,588021,310421,225310,84585,38504,6471
2015,1.1-1.5,우,남자,2860913,6154,70785,252960,417266,440290,540151,378744,335086,216525,122438,46812,24214,6754,2408,326
2015,1.1-1.5,우,여자,1598534,3549,67088,158328,187105,166507,345766,225283,216139,122817,67835,20977,11697,3638,1559,246
2015,1.1-1.5,우,합계,4459447,9703,137873,411288,604371,606797,885917,604027,551225,339342,190273,67789,35911,10392,3967,572
2015,1.6-2.0,우,남자,93883,227,4094,10967,16265,17032,19910,10748,7652,4115,1926,586,270,63,22,6
2015,1.6-2.0,우,여자,34655,82,1815,4275,4842,4671,9110,4363,3105,1449,618,172,94,36,18,5
2015,1.6-2.0,우,합계,128538,309,5909,15242,21107,21703,29020,15111,10757,5564,2544,758,364,99,40,11
2015,기타,우,남자,25889,11,117,323,644,881,1768,1778,2705,2679,3127,3127,3709,2428,1930,662
2015,기타,우,여자,22347,5,93,189,357,370,1124,1103,1856,1949,2718,2608,3580,2485,2328,1582
2015,기타,우,합계,48236,16,210,512,1001,1251,2892,2881,4561,4628,5845,5735,7289,4913,4258,2244
2015,0.2-0.4,좌,남자,360622,1156,6556,17504,22560,16662,22870,26492,33664,32103,38970,36390,46996,30858,21756,6085
2015,0.2-0.4,좌,여자,579425,1032,12157,23371,23324,14939,37962,42692,56681,51852,68842,58561,80580,53957,39375,14100
2015,0.2-0.4,좌,합계,940047,2188,18713,40875,45884,31601,60832,69184,90345,83955,107812,94951,127576,84815,61131,20185
2015,0.5-0.7,좌,남자,1178295,2429,16400,50432,72414,60387,88388,103727,141269,142757,156687,122931,120881,61430,31720,6443
2015,0.5-0.7,좌,여자,1458388,2186,26509,52255,57316,42511,111190,128849,194615,188274,219717,151674,153946,76431,43188,9727
2015,0.5-0.7,좌,합계,2636683,4615,42909,102687,129730,102898,199578,232576,335884,331031,376404,274605,274827,137861,74908,16170
2015,0.8-1.0,좌,남자,2967266,5792,46550,163889,271081,265345,382314,371772,434511,367636,298570,171262,121425,45019,19151,2949
2015,0.8-1.0,좌,여자,2655325,4688,73781,159148,183396,153414,366310,342340,438596,344005,288535,139508,102257,38236,18030,3081
2015,0.8-1.0,좌,합계,5622591,10480,120331,323037,454477,418759,748624,714112,873107,711641,587105,310770,223682,83255,37181,6030
2015,1.1-1.5,좌,남자,2859908,6275,72004,255555,419442,440334,536880,377206,335702,217603,121506,45716,23162,6116,2151,256
2015,1.1-1.5,좌,여자,1623949,3681,68042,161804,191077,169184,350218,229228,219408,125323,69094,20978,11125,3277,1341,169
2015,1.1-1.5,좌,합계,4483857,9956,140046,417359,610519,609518,887098,606434,555110,342926,190600,66694,34287,9393,3492,425
2015,1.6-2.0,좌,남자,104696,213,4139,11715,17709,18979,22746,12457,8867,4736,2160,611,279,60,20,5
2015,1.6-2.0,좌,여자,42652,85,1974,4681,5725,5689,11711,5713,4032,1875,794,214,103,36,18,2
2015,1.6-2.0,좌,합계,147348,298,6113,16396,23434,24668,34457,18170,12899,6611,2954,825,382,96,38,7
2015,기타,좌,남자,26232,8,109,300,714,873,1797,1763,2704,2750,3178,3148,3833,2499,1891,665
2015,기타,좌,여자,22054,7,91,199,368,407,1086,1093,1873,1939,2588,2601,3522,2437,2257,1586
2015,기타,좌,합계,48286,15,200,499,1082,1280,2883,2856,4577,4689,5766,5749,7355,4936,4148,2251
2015,소계,우,남자,7554209,16029,146573,501664,807101,805393,1059160,897594,961998,772372,626638,385496,323960,151263,80965,18003
2015,소계,우,여자,6471202,11869,184580,405264,464806,388495,883930,755705,923252,720473,658771,381659,363202,183089,112392,33715
2015,소계,우,합계,14025411,27898,331153,906928,1271907,1193888,1943090,1653299,1885250,1492845,1285409,767155,687162,334352,193357,51718
2015,0.1 이하,우,남자,58031,201,934,2490,3399,2907,4060,4229,5229,4814,5521,5453,7624,5337,4213,1620
2015,0.1 이하,우,여자,93661,217,2393,4345,3771,2327,5735,5880,8325,7586,9942,8506,12284,9033,8207,5110
2015,0.1 이하,우,합계,151692,418,3327,6835,7170,5234,9795,10109,13554,12400,15463,13959,19908,14370,12420,6730
2016,소계,좌,남자,7778575,16161,148805,511859,769240,856128,1060339,929792,965167,804175,706180,390406,354923,154273,92264,18863
2016,소계,좌,여자,6769817,11537,200059,463078,434019,375835,881960,799305,929835,782706,750029,388036,401836,189612,125595,36375
2016,소계,좌,합계,14548392,27698,348864,974937,1203259,1231963,1942299,1729097,1895002,1586881,1456209,778442,756759,343885,217859,55238
2016,0.1 이하,좌,남자,57173,133,827,2081,2831,2831,3983,4027,5114,4833,6043,5187,7625,5363,4596,1699
2016,0.1 이하,좌,여자,90906,141,2126,4058,3198,2056,5136,5836,7690,7474,9981,7946,12286,8764,8685,5529
2016,0.1 이하,좌,합계,148079,274,2953,6139,6029,4887,9119,9863,12804,12307,16024,13133,19911,14127,13281,7228
2016,0.2-0.4,우,남자,363914,1174,7311,19675,22716,18487,23319,27138,32238,31158,40895,34667,46732,29536,22814,6054
2016,0.2-0.4,우,여자,597223,984,13915,27564,22462,14815,39147,45700,56122,54488,75742,57041,82625,51747,40830,14041
2016,0.2-0.4,우,합계,961137,2158,21226,47239,45178,33302,62466,72838,88360,85646,116637,91708,129357,81283,63644,20095
2016,0.5-0.7,우,남자,1213389,2397,17168,52169,70555,66083,89462,106167,137410,144841,171841,121879,129286,60901,36431,6799
2016,0.5-0.7,우,여자,1532226,2043,28846,59470,53689,41558,111693,135357,192070,200548,247137,151944,168566,79342,48874,11089
2016,0.5-0.7,우,합계,2745615,4440,46014,111639,124244,107641,201155,241524,329480,345389,418978,273823,297852,140243,85305,17888
2016,0.8-1.0,우,남자,3103257,5978,47713,169727,261942,286347,384023,386291,440387,387799,342053,176878,138759,48685,23388,3287
2016,0.8-1.0,우,여자,2834614,4684,81188,185880,175538,151912,369908,368289,448640,379787,334230,145418,119856,42839,22597,3848
2016,0.8-1.0,우,합계,5937871,10662,128901,355607,437480,438259,753931,754580,889027,767586,676283,322296,258615,91524,45985,7135
2016,1.1-1.5,우,남자,2921583,6190,71520,256307,395505,464398,538544,393436,340174,228488,139658,48381,28248,7388,2987,359
2016,1.1-1.5,우,여자,1654235,3537,71577,180735,174049,160674,346152,238422,220413,136651,78689,22547,14235,4200,2038,316
2016,1.1-1.5,우,합계,4575818,9727,143097,437042,569554,625072,884696,631858,560587,365139,218347,70928,42483,11588,5025,675
2016,1.6-2.0,우,남자,92521,248,4060,11269,14967,17020,19432,10737,7316,4341,2185,564,281,75,25,1
2016,1.6-2.0,우,여자,34108,74,1894,4525,4535,4452,8562,4411,3071,1529,708,167,117,42,16,5
2016,1.6-2.0,우,합계,126629,322,5954,15794,19502,21472,27994,15148,10387,5870,2893,731,398,117,41,6
2016,기타,우,남자,26580,9,114,345,630,939,1821,1905,2630,2763,3568,2833,3964,2438,1957,664
2016,기타,우,여자,22100,5,97,246,345,358,1070,1096,1770,2000,2798,2513,3618,2343,2274,1567
2016,기타,우,합계,48680,14,211,591,975,1297,2891,3001,4400,4763,6366,5346,7582,4781,4231,2231
2016,0.2-0.4,좌,남자,360774,1075,6728,17918,20989,17512,22468,26579,32229,31612,41809,35023,47654,29907,23120,6151
2016,0.2-0.4,좌,여자,588131,925,12756,25582,21380,13944,37145,44521,55122,52964,74808,56455,83136,52569,42355,14469
2016,0.2-0.4,좌,합계,948905,2000,19484,43500,42369,31456,59613,71100,87351,84576,116617,91478,130790,82476,65475,20620
2016,0.5-0.7,좌,남자,1220717,2287,16571,51062,69277,64878,89000,106509,139475,146386,174709,123678,130632,62181,37184,6888
2016,0.5-0.7,좌,여자,1533218,2072,28807,58825,52812,40704,110349,135905,193117,200795,246969,152870,169704,80210,49018,11061
2016,0.5-0.7,좌,합계,2753935,4359,45378,109887,122089,105582,199349,242414,332592,347181,421678,276548,300336,142391,86202,17949
2016,0.8-1.0,좌,남자,3083534,6116,47985,168688,259961,284769,384738,386325,436585,383803,338348,175088,137582,47728,22674,3144
2016,0.8-1.0,좌,여자,2811104,4745,81424,184390,173302,149507,365916,363754,444353,377318,334455,145601,119284,41904,21591,3560
2016,0.8-1.0,좌,합계,5894638,10861,129409,353078,433263,434276,750654,750079,880938,761121,672803,320689,256866,89632,44265,6704
2016,1.1-1.5,좌,남자,2926499,6280,72397,260083,399106,466208,536462,392055,340418,229754,139244,47818,27008,6618,2703,345
2016,1.1-1.5,좌,여자,1682824,3564,72787,184894,177864,163857,351378,242563,223732,140183,80148,22473,13696,3803,1663,219
2016,1.1-1.5,좌,합계,4609323,9844,145184,444977,576970,630065,887840,634618,564150,369937,219392,70291,40704,10421,4366,564
2016,1.6-2.0,좌,남자,102819,261,4161,11676,16341,18928,21943,12414,8621,4968,2491,627,289,75,18,6
2016,1.6-2.0,좌,여자,41571,86,2065,5068,5113,5386,10987,5629,4028,1968,870,187,113,38,25,8
2016,1.6-2.0,좌,합계,144390,347,6226,16744,21454,24314,32930,18043,12649,6936,3361,814,402,113,43,14
2016,기타,좌,남자,27059,9,136,351,735,1002,1745,1883,2725,2819,3536,2985,4133,2401,1969,630
2016,기타,좌,여자,22063,4,94,261,350,381,1049,1097,1793,2004,2798,2504,3617,2324,2258,1529
2016,기타,좌,합계,49122,13,230,612,1085,1383,2794,2980,4518,4823,6334,5489,7750,4725,4227,2159
2016,소계,우,남자,7778575,16161,148805,511859,769240,856128,1060339,929792,965167,804175,706180,390406,354923,154273,92264,18863
2016,소계,우,여자,6769817,11537,200059,463078,434019,375835,881960,799305,929835,782706,750029,388036,401836,189612,125595,36375
2016,소계,우,합계,14548392,27698,348864,974937,1203259,1231963,1942299,1729097,1895002,1586881,1456209,778442,756759,343885,217859,55238
2016,0.1 이하,우,남자,57331,165,919,2367,2925,2854,3738,4118,5012,4785,5980,5204,7653,5250,4662,1699
2016,0.1 이하,우,여자,95311,210,2542,4658,3401,2066,5428,6030,7749,7703,10725,8406,12819,9099,8966,5509
2016,0.1 이하,우,합계,152642,375,3461,7025,6326,4920,9166,10148,12761,12488,16705,13610,20472,14349,13628,7208
2017,소계,좌,남자,7875410,15500,147887,522754,731247,867071,1045199,946181,957153,831034,750346,398454,360998,176398,103354,21834
2017,소계,좌,여자,6929797,9998,193039,449589,435656,400442,886033,805667,950105,813517,801013,390944,403038,211437,138449,40870
2017,소계,좌,합계,14805207,25498,340926,972343,1166903,1267513,1931232,1751848,1907258,1644551,1551359,789398,764036,387835,241803,62704
2017,0.1 이하,좌,남자,56829,121,787,2138,2633,2821,3811,4078,4886,4764,6029,5027,7220,5734,4889,1891
2017,0.1 이하,좌,여자,88971,135,1942,3844,3062,2054,5180,5658,7621,7098,9801,7333,11090,9147,9172,5834
2017,0.1 이하,좌,합계,145800,256,2729,5982,5695,4875,8991,9736,12507,11862,15830,12360,18310,14881,14061,7725
2017,0.2-0.4,우,남자,366373,1000,7287,19914,21828,19401,23227,27737,31390,31431,41135,33344,44793,32315,24784,6787
2017,0.2-0.4,우,여자,600400,847,13025,26493,22414,16072,39386,45954,57311,54709,76597,55045,77235,55482,44013,15817
2017,0.2-0.4,우,합계,966773,1847,20312,46407,44242,35473,62613,73691,88701,86140,117732,88389,122028,87797,68797,22604
2017,0.5-0.7,우,남자,1241722,2251,17275,53590,67478,69192,90001,108307,135442,148168,178739,122745,129812,69731,41046,7945
2017,0.5-0.7,우,여자,1572499,1779,27602,58432,54330,44611,114077,137792,194223,205252,258368,151885,168071,89149,54211,12717
2017,0.5-0.7,우,합계,2814221,4030,44877,112022,121808,113803,204078,246099,329665,353420,437107,274630,297883,158880,95257,20662
2017,0.8-1.0,우,남자,3168648,5850,48623,175926,252160,293659,380359,394290,436247,400464,364909,182955,145098,57070,26971,4067
2017,0.8-1.0,우,여자,2930932,4095,79693,182952,177619,163406,373246,372231,459588,397647,362987,150162,126808,49986,26071,4441
2017,0.8-1.0,우,합계,6099580,9945,128316,358878,429779,457065,753605,766521,895835,798111,727896,333117,271906,107056,53042,8508
2017,1.1-1.5,우,남자,2928794,6087,70199,260347,373000,464990,528308,399784,339696,239106,153708,51056,29963,8765,3378,407
2017,1.1-1.5,우,여자,1677457,3040,68618,173026,173392,169457,345029,238578,226336,144786,88721,23468,15625,4775,2266,340
2017,1.1-1.5,우,합계,4606251,9127,138817,433373,546392,634447,873337,638362,566032,383892,242429,74524,45588,13540,5644,747
2017,1.6-2.0,우,남자,85871,169,3473,10223,13428,16027,17849,10216,7049,4254,2175,591,306,74,30,7
2017,1.6-2.0,우,여자,32090,69,1576,3995,4267,4347,7998,4023,3005,1626,796,186,130,44,23,5
2017,1.6-2.0,우,합계,117961,238,5049,14218,17695,20374,25847,14239,10054,5880,2971,777,436,118,53,12
2017,기타,우,남자,26562,9,117,294,563,909,1665,1853,2449,2885,3581,2780,3831,2716,2172,738
2017,기타,우,여자,22119,7,103,238,292,353,951,1095,1732,1974,2892,2282,3502,2569,2473,1656
2017,기타,우,합계,48681,16,220,532,855,1262,2616,2948,4181,4859,6473,5062,7333,5285,4645,2394
2017,0.2-0.4,좌,남자,363795,946,6639,18142,20324,18540,22561,26970,31621,31710,41991,34053,44987,33080,25221,7010
2017,0.2-0.4,좌,여자,587809,787,11765,24267,21044,15141,37006,44253,56246,53281,74650,54284,77253,56359,45089,16384
2017,0.2-0.4,좌,합계,951604,1733,18404,42409,41368,33681,59567,71223,87867,84991,116641,88337,122240,89439,70310,23394
2017,0.5-0.7,좌,남자,1249731,2147,16930,52213,66966,68234,90097,109341,137327,150177,181369,123575,131156,70528,41712,7959
2017,0.5-0.7,좌,여자,1577426,1743,28023,58006,53388,44130,112217,138412,194722,206318,259347,153123,170258,90219,55039,12481
2017,0.5-0.7,좌,합계,2827157,3890,44953,110219,120354,112364,202314,247753,332049,356495,440716,276698,301414,160747,96751,20440
2017,0.8-1.0,좌,남자,3149210,5932,48585,174415,248797,290878,381780,393962,432851,396653,362525,182030,144551,56210,26225,3816
2017,0.8-1.0,좌,여자,2905749,4186,79736,181890,175505,160730,369966,368265,454714,394345,362708,150183,125798,48734,24751,4238
2017,0.8-1.0,좌,합계,6054959,10118,128321,356305,424302,451608,751746,762227,887565,790998,725233,332213,270349,104944,50976,8054
2017,1.1-1.5,좌,남자,2934166,6173,71220,264687,377631,468291,525224,398324,339688,239964,152424,50261,28720,8155,3032,372
2017,1.1-1.5,좌,여자,1708247,3079,69642,176885,177495,172777,350345,242791,231046,148349,90749,23544,15005,4338,1933,269
2017,1.1-1.5,좌,합계,4642413,9252,140862,441572,555126,641068,875569,641115,570734,388313,243173,73805,43725,12493,4965,641
2017,1.6-2.0,좌,남자,94404,175,3600,10826,14308,17376,19991,11669,8229,4829,2356,644,297,70,28,6
2017,1.6-2.0,좌,여자,39404,63,1841,4468,4863,5224,10258,5199,4082,2060,959,199,120,40,27,1
2017,1.6-2.0,좌,합계,133808,238,5441,15294,19171,22600,30249,16868,12311,6889,3315,843,417,110,55,7
2017,기타,좌,남자,27275,6,126,333,588,931,1735,1837,2551,2937,3652,2864,4067,2621,2247,780
2017,기타,좌,여자,22191,5,90,229,299,386,1061,1089,1674,2066,2799,2278,3514,2600,2438,1663
2017,기타,좌,합계,49466,11,216,562,887,1317,2796,2926,4225,5003,6451,5142,7581,5221,4685,2443
2017,소계,우,남자,7875410,15500,147887,522754,731247,867071,1045199,946181,957153,831034,750346,398454,360998,176398,103354,21834
2017,소계,우,여자,6929797,9998,193039,449589,435656,400442,886033,805667,950105,813517,801013,390944,403038,211437,138449,40870
2017,소계,우,합계,14805207,25498,340926,972343,1166903,1267513,1931232,1751848,1907258,1644551,1551359,789398,764036,387835,241803,62704
2017,0.1 이하,우,남자,57440,134,913,2460,2790,2893,3790,3994,4880,4726,6099,4983,7195,5727,4973,1883
2017,0.1 이하,우,여자,94300,161,2422,4453,3342,2196,5346,5994,7910,7523,10652,7916,11667,9432,9392,5894
2017,0.1 이하,우,합계,151740,295,3335,6913,6132,5089,9136,9988,12790,12249,16751,12899,18862,15159,14365,7777
2018,소계,좌,남자,8106914,13109,152513,550527,765042,925705,1015884,944111,994984,840481,777819,430910,371406,190833,110345,23245
2018,소계,좌,여자,6969985,8439,185360,457871,430120,409759,823354,788056,970976,821692,819602,437981,407187,225330,142675,41583
2018,소계,좌,합계,15076899,21548,337873,1008398,1195162,1335464,1839238,1732167,1965960,1662173,1597421,868891,778593,416163,253020,64828
2018,0.1 이하,좌,남자,57765,90,850,2204,2735,3097,3676,4031,5237,4898,6327,5167,6909,5714,4960,1870
2018,0.1 이하,좌,여자,86790,116,1938,3779,2983,2176,4757,5781,7570,6876,9593,7555,10773,9084,8416,5393
2018,0.1 이하,좌,합계,144555,206,2788,5983,5718,5273,8433,9812,12807,11774,15920,12722,17682,14798,13376,7263
2018,0.2-0.4,우,남자,374015,904,7664,20935,22839,21139,23102,27470,32765,31438,42299,34798,43354,32936,25433,6939
2018,0.2-0.4,우,여자,591823,780,12143,26160,21572,16028,37083,44633,56990,52960,76034,57973,73520,56427,43725,15795
2018,0.2-0.4,우,합계,965838,1684,19807,47095,44411,37167,60185,72103,89755,84398,118333,92771,116874,89363,69158,22734
2018,0.5-0.7,우,남자,1290241,1928,18014,57522,71664,75234,89234,109109,141277,149813,184111,130573,132966,75839,44254,8703
2018,0.5-0.7,우,여자,1590862,1420,26745,59090,53063,45665,105480,133139,196692,204041,261929,168134,170021,95208,56957,13278
2018,0.5-0.7,우,합계,2881103,3348,44759,116612,124727,120899,194714,242248,337969,353854,446040,298707,302987,171047,101211,21981
2018,0.8-1.0,우,남자,3290565,4955,51411,188634,265676,318731,372695,395755,455455,406483,380461,199794,152638,63546,29723,4608
2018,0.8-1.0,우,여자,2968452,3456,77257,186966,174553,166513,347126,364403,471641,405233,375811,173221,132807,56162,28278,5025
2018,0.8-1.0,우,합계,6259017,8411,128668,375600,440229,485244,719821,760158,927096,811716,756272,373015,285445,119708,58001,9633
2018,1.1-1.5,우,남자,2985754,5021,71077,270644,388500,490743,509421,396216,350956,241224,159007,57210,31570,10032,3694,439
2018,1.1-1.5,우,여자,1675397,2593,65336,177104,173658,174639,320510,235018,233430,148552,91992,27944,16175,5611,2483,352
2018,1.1-1.5,우,합계,4661151,7614,136413,447748,562158,665382,829931,631234,584386,389776,250999,85154,47745,15643,6177,791
2018,1.6-2.0,우,남자,82129,149,3268,9988,12809,15848,16149,9707,6988,3973,2237,598,313,67,30,5
2018,1.6-2.0,우,여자,29731,53,1368,3747,3641,4306,7160,3970,2910,1497,680,200,127,47,19,6
2018,1.6-2.0,우,합계,111860,202,4636,13735,16450,20154,23309,13677,9898,5470,2917,798,440,114,49,11
2018,기타,우,남자,26497,9,113,335,557,937,1627,1793,2467,2774,3574,2900,3728,2729,2216,738
2018,기타,우,여자,21951,2,88,246,298,346,951,1000,1662,1930,2808,2385,3445,2621,2466,1703
2018,기타,우,합계,48448,11,201,581,855,1283,2578,2793,4129,4704,6382,5285,7173,5350,4682,2441
2018,0.2-0.4,좌,남자,371438,816,6901,18987,21316,20040,22510,26831,32870,31567,43054,35527,44280,33714,25844,7181
2018,0.2-0.4,좌,여자,580581,652,11175,23920,20284,15294,34774,43072,56375,51983,74229,56845,73463,57085,45205,16225
2018,0.2-0.4,좌,합계,952019,1468,18076,42907,41600,35334,57284,69903,89245,83550,117283,92372,117743,90799,71049,23406
2018,0.5-0.7,좌,남자,1302455,1868,17652,55723,70470,74438,89773,110881,143943,152475,188042,132255,134718,76356,45174,8687
2018,0.5-0.7,좌,여자,1596433,1494,26691,58401,52269,44648,104391,133101,197979,204961,264235,168676,171631,96820,57721,13415
2018,0.5-0.7,좌,합계,2898888,3362,44343,114124,122739,119086,194164,243982,341922,357436,452277,300931,306349,173176,102895,22102
2018,0.8-1.0,좌,남자,3269091,5076,51233,187007,263159,315835,373133,395456,452246,403648,376638,198466,151002,63063,28753,4376
2018,0.8-1.0,좌,여자,2939673,3447,77161,186255,172275,163903,342293,360367,465864,401898,374202,174018,131976,54609,26762,4643
2018,0.8-1.0,좌,합계,6208764,8523,128394,373262,435434,479738,715426,755823,918110,805546,750840,372484,282978,117672,55515,9019
2018,1.1-1.5,좌,남자,2988144,5095,72361,275795,393061,493872,506894,393940,350036,240411,157655,55917,30321,9103,3308,375
2018,1.1-1.5,좌,여자,1708574,2663,66768,181090,177660,178364,327311,239711,237745,152027,93634,28367,15836,5056,2089,253
2018,1.1-1.5,좌,합계,4696718,7758,139129,456885,570721,672236,834205,633651,587781,392438,251289,84284,46157,14159,5397,628
2018,1.6-2.0,좌,남자,90905,163,3406,10434,13716,17450,18245,11174,8058,4663,2489,696,303,77,25,6
2018,1.6-2.0,좌,여자,36142,63,1531,4200,4336,5022,8858,5000,3787,1943,971,235,128,46,14,8
2018,1.6-2.0,좌,합계,127047,226,4937,14634,18052,22472,27103,16174,11845,6606,3460,931,431,123,39,14
2018,기타,좌,남자,27116,1,110,377,585,973,1653,1798,2594,2819,3614,2882,3873,2806,2281,750
2018,기타,좌,여자,21792,4,96,226,313,352,970,1024,1656,2004,2738,2285,3380,2630,2468,1646
2018,기타,좌,합계,48908,5,206,603,898,1325,2623,2822,4250,4823,6352,5167,7253,5436,4749,2396
2018,소계,우,남자,8106914,13109,152513,550527,765042,925705,1015884,944111,994984,840481,777819,430910,371406,190833,110345,23245
2018,소계,우,여자,6969985,8439,185360,457871,430120,409759,823354,788056,970976,821692,819602,437981,407187,225330,142675,41583
2018,소계,우,합계,15076899,21548,337873,1008398,1195162,1335464,1839238,1732167,1965960,1662173,1597421,868891,778593,416163,253020,64828
2018,0.1 이하,우,남자,57713,143,966,2469,2997,3073,3656,4061,5076,4776,6130,5037,6837,5684,4995,1813
2018,0.1 이하,우,여자,91769,135,2423,4558,3335,2262,5044,5893,7651,7479,10348,8124,11092,9254,8747,5424
2018,0.1 이하,우,합계,149482,278,3389,7027,6332,5335,8700,9954,12727,12255,16478,13161,17929,14938,13742,7237
2019,소계,좌,남자,8393630,10648,238781,607612,779560,860785,1045864,960984,1026368,832245,853818,427435,404342,189365,127749,28074
2019,소계,좌,여자,7701362,5512,305531,537036,560958,524993,872958,806570,1028851,815889,926420,432745,446311,224904,164011,48673
2019,소계,좌,합계,16094992,16160,544312,1144648,1340518,1385778,1918822,1767554,2055219,1648134,1780238,860180,850653,414269,291760,76747
2019,0.1 이하,좌,남자,62208,69,1674,2686,3031,2976,3991,4315,5320,4943,6759,5018,7531,5731,5886,2278
2019,0.1 이하,좌,여자,96201,67,3792,4700,4287,3040,5316,5791,8088,6831,10689,7189,11432,8885,9581,6513
2019,0.1 이하,좌,합계,158409,136,5466,7386,7318,6016,9307,10106,13408,11774,17448,12207,18963,14616,15467,8791
2019,0.2-0.4,우,남자,398564,654,12729,24277,24781,20659,25503,28893,34716,31243,46538,34456,45863,31540,28408,8304
2019,0.2-0.4,우,여자,640618,413,21441,30808,29343,21909,39603,46265,61214,51141,84083,55448,77939,54064,48838,18109
2019,0.2-0.4,우,합계,1039182,1067,34170,55085,54124,42568,65106,75158,95930,82384,130621,89904,123802,85604,77246,26413
2019,0.5-0.7,우,남자,1362149,1555,29223,64469,75223,72485,94997,113510,147797,149352,203530,129047,143977,74862,51468,10654
2019,0.5-0.7,우,여자,1736472,972,44898,70621,71041,60769,113709,138268,208721,202240,295478,165203,186144,95355,66781,16272
2019,0.5-0.7,우,합계,3098621,2527,74121,135090,146264,133254,208706,251778,356518,351592,499008,294250,330121,170217,118249,26926
2019,0.8-1.0,우,남자,3451360,4242,84621,212278,277122,303422,391660,407699,472732,405522,418409,199903,168463,64607,35167,5513
2019,0.8-1.0,우,여자,3300730,2301,129538,223664,230043,214281,370665,374720,502582,405849,427342,173948,148440,58026,33356,5975
2019,0.8-1.0,우,합계,6752090,6543,214159,435942,507165,517703,762325,782419,975314,811371,845751,373851,316903,122633,68523,11488
2019,1.1-1.5,우,남자,3009815,3967,105402,292275,385765,445749,511907,395229,356474,235062,172494,56043,34248,10127,4525,548
2019,1.1-1.5,우,여자,1866907,1710,102489,201823,220618,219177,335124,236126,243471,146273,104383,28201,18465,5859,2794,394
2019,1.1-1.5,우,합계,4876722,5677,207891,494098,606383,664926,847031,631355,599945,381335,276877,84244,52713,15986,7319,942
2019,1.6-2.0,우,남자,83575,131,4608,10754,12939,14649,16365,9831,7196,3743,2292,592,337,93,35,10
2019,1.6-2.0,우,여자,34130,35,2048,4189,4791,5387,7722,4077,3088,1493,871,214,137,41,29,8
2019,1.6-2.0,우,합계,117705,166,6656,14943,17730,20036,24087,13908,10284,5236,3163,806,474,134,64,18
2019,기타,우,남자,25511,4,198,333,516,800,1443,1606,2242,2518,3737,2458,3950,2563,2383,760
2019,기타,우,여자,19951,4,166,239,283,327,687,896,1447,1643,2711,1993,3443,2370,2366,1376
2019,기타,우,합계,45462,8,364,572,799,1127,2130,2502,3689,4161,6448,4451,7393,4933,4749,2136
2019,0.2-0.4,좌,남자,393983,623,11617,21666,22798,19617,24642,28284,34676,31389,47269,34680,46751,32626,28791,8554
2019,0.2-0.4,좌,여자,625744,406,19256,27777,27274,20588,37187,44428,60180,50289,82255,54479,77843,54491,50378,18913
2019,0.2-0.4,좌,합계,1019727,1029,30873,49443,50072,40205,61829,72712,94856,81678,129524,89159,124594,87117,79169,27467
2019,0.5-0.7,좌,남자,1380138,1538,28758,63319,74517,72000,95939,115180,150581,152647,207745,131620,147007,76111,52507,10669
2019,0.5-0.7,좌,여자,1746230,929,45693,70315,70618,59956,112876,139085,210943,203202,296446,166877,188195,97272,67758,16065
2019,0.5-0.7,좌,합계,3126368,2467,74451,133634,145135,131956,208815,254265,361524,355849,504191,298497,335202,173383,120265,26734
2019,0.8-1.0,좌,남자,3421837,4242,85406,211710,273606,300357,390722,406919,468494,400498,414166,197627,165934,62818,34018,5320
2019,0.8-1.0,좌,여자,3268001,2355,130084,222745,227420,211256,365531,370335,495953,401136,426961,173467,147263,56495,31445,5555
2019,0.8-1.0,좌,합계,6689838,6597,215490,434455,501026,511613,756253,777254,964447,801634,841127,371094,313197,119313,65463,10875
2019,1.1-1.5,좌,남자,3017260,4045,106447,296477,391191,449161,510679,393310,356811,235715,171417,55271,32737,9427,4116,456
2019,1.1-1.5,좌,여자,1903766,1716,104252,206584,225411,223310,341651,240851,248207,150756,106291,28548,18081,5334,2434,340
2019,1.1-1.5,좌,합계,4921026,5761,210699,503061,616602,672471,852330,634161,605018,386471,277708,83819,50818,14761,6550,796
2019,1.6-2.0,좌,남자,92250,128,4683,11415,13901,15873,18449,11270,8155,4557,2667,686,358,72,34,2
2019,1.6-2.0,좌,여자,41698,36,2318,4678,5628,6499,9662,5216,4042,2064,1108,259,121,37,25,5
2019,1.6-2.0,좌,합계,133948,164,7001,16093,19529,22372,28111,16486,12197,6621,3775,945,479,109,59,7
2019,기타,좌,남자,25954,3,196,339,516,801,1442,1706,2331,2496,3795,2533,4024,2580,2397,795
2019,기타,좌,여자,19722,3,136,237,320,344,735,864,1438,1611,2670,1926,3376,2390,2390,1282
2019,기타,좌,합계,45676,6,332,576,836,1145,2177,2570,3769,4107,6465,4459,7400,4970,4787,2077
2019,소계,우,남자,8393630,10648,238781,607612,779560,860785,1045864,960984,1026368,832245,853818,427435,404342,189365,127749,28074
2019,소계,우,여자,7701362,5512,305531,537036,560958,524993,872958,806570,1028851,815889,926420,432745,446311,224904,164011,48673
2019,소계,우,합계,16094992,16160,544312,1144648,1340518,1385778,1918822,1767554,2055219,1648134,1780238,860180,850653,414269,291760,76747
2019,0.1 이하,우,남자,62656,95,2000,3226,3214,3021,3989,4216,5211,4805,6818,4936,7504,5573,5763,2285
2019,0.1 이하,우,여자,102554,77,4951,5692,4839,3143,5448,6218,8328,7250,11552,7738,11743,9189,9847,6539
2019,0.1 이하,우,합계,165210,172,6951,8918,8053,6164,9437,10434,13539,12055,18370,12674,19247,14762,15610,8824
2020,소계,좌,남자,7598837,8186,220239,569252,721283,750986,927955,831266,932565,750586,772948,441189,366252,175310,106841,23979
2020,소계,좌,여자,6858185,4834,301798,515835,502951,446718,716905,677524,906023,739234,836511,456538,390258,197116,127750,38190
2020,소계,좌,합계,14457022,13020,522037,1085087,1224234,1197704,1644860,1508790,1838588,1489820,1609459,897727,756510,372426,234591,62169
2020,0.1 이하,좌,남자,54318,69,1648,2524,2851,2584,3726,3763,4755,4357,6006,4868,6205,4741,4484,1737
2020,0.1 이하,좌,여자,80417,67,4059,4610,3816,2686,4371,4774,6963,5641,8709,6903,9020,7083,7006,4709
2020,0.1 이하,좌,합계,134735,136,5707,7134,6667,5270,8097,8537,11718,9998,14715,11771,15225,11824,11490,6446
2020,0.2-0.4,우,남자,354134,520,12520,23259,23249,18084,23852,25524,31512,27066,39736,33025,39148,27359,22457,6823
2020,0.2-0.4,우,여자,549158,381,21897,29340,26490,18939,32887,38506,52360,43755,70544,54594,64544,44876,36110,13935
2020,0.2-0.4,우,합계,903292,901,34417,52599,49739,37023,56739,64030,83872,70821,110280,87619,103692,72235,58567,20758
2020,0.5-0.7,우,남자,1246833,1264,28007,62917,72411,65852,87653,101355,133714,131088,180829,130348,129641,69405,43195,9154
2020,0.5-0.7,우,여자,1543313,816,44365,67268,63753,52060,94827,116597,181036,177686,261377,171726,161957,84000,52724,13121
2020,0.5-0.7,우,합계,2790146,2080,72372,130185,136164,117912,182480,217952,314750,308774,442206,302074,291598,153405,95919,22275
2020,0.8-1.0,우,남자,3169332,3267,81071,205929,261745,270786,353383,355865,428494,365051,380854,208981,156145,61692,31036,5033
2020,0.8-1.0,우,여자,2970706,1985,127365,216279,207014,183615,304730,314541,442623,370958,392636,188766,134348,53257,27537,5052
2020,0.8-1.0,우,합계,6140038,5252,208436,422208,468759,454401,658113,670406,871117,736009,773490,397747,290493,114949,58573,10085
2020,1.1-1.5,우,남자,2679318,2958,92698,264582,348905,380692,444436,335285,325494,217344,160300,60996,31473,9777,3843,535
2020,1.1-1.5,우,여자,1661708,1546,100582,193092,196813,184666,273084,198568,218857,138138,99272,31903,16897,5497,2457,336
2020,1.1-1.5,우,합계,4341026,4504,193280,457674,545718,565358,717520,533853,544351,355482,259572,92899,48370,15274,6300,871
2020,1.6-2.0,우,남자,72743,96,3794,9153,11506,12344,13851,8209,6688,3678,2291,695,325,81,30,2
2020,1.6-2.0,우,여자,30153,34,2041,3934,4288,4384,6180,3519,3000,1487,870,221,134,38,16,7
2020,1.6-2.0,우,합계,102896,130,5835,13087,15794,16728,20031,11728,9688,5165,3161,916,459,119,46,9
2020,기타,우,남자,21774,2,167,331,464,606,1171,1329,1990,2131,3074,2436,3213,2289,1873,698
2020,기타,우,여자,16849,1,163,247,248,300,571,664,1194,1345,2328,1870,2861,2094,1903,1060
2020,기타,우,합계,38623,3,330,578,712,906,1742,1993,3184,3476,5402,4306,6074,4383,3776,1758
2020,0.2-0.4,좌,남자,353881,464,11358,20977,21684,17649,22952,25151,31591,27827,41315,33999,40220,28502,23164,7028
2020,0.2-0.4,좌,여자,540717,357,19940,26423,24659,18172,31341,37232,51958,43445,70076,54099,65228,45778,37662,14347
2020,0.2-0.4,좌,합계,894598,821,31298,47400,46343,35821,54293,62383,83549,71272,111391,88098,105448,74280,60826,21375
2020,0.5-0.7,좌,남자,1262618,1276,28112,61957,71254,65326,88245,102330,136318,134112,185207,132768,132205,70267,44045,9196
2020,0.5-0.7,좌,여자,1553355,790,45345,67850,64118,51675,94031,117280,183157,177788,262738,173317,163994,85214,52952,13106
2020,0.5-0.7,좌,합계,2815973,2066,73457,129807,135372,117001,182276,219610,319475,311900,447945,306085,296199,155481,96997,22302
2020,0.8-1.0,좌,남자,3146769,3238,81564,205658,260393,268138,352364,356161,426938,360707,376046,206713,153935,60387,29621,4906
2020,0.8-1.0,좌,여자,2946290,1986,128915,216438,205726,181546,301973,310874,436921,367612,390676,187953,132683,52085,26232,4670
2020,0.8-1.0,좌,합계,6093059,5224,210479,422096,466119,449684,654337,667035,863859,728319,766722,394666,286618,112472,55853,9576
2020,1.1-1.5,좌,남자,2679161,3026,93485,268268,352340,383221,443896,333041,323534,217120,158655,59619,30051,8975,3493,437
2020,1.1-1.5,좌,여자,1684581,1593,101067,196014,199502,186997,276797,202209,221999,141536,100960,32163,16459,4934,2072,279
2020,1.1-1.5,좌,합계,4363742,4619,194552,464282,551842,570218,720693,535250,545533,358656,259615,91782,46510,13909,5565,716
2020,1.6-2.0,좌,남자,79640,111,3931,9535,12232,13415,15586,9379,7389,4293,2564,778,297,90,36,4
2020,1.6-2.0,좌,여자,36279,38,2329,4280,4881,5337,7713,4478,3802,1875,1041,305,137,44,15,4
2020,1.6-2.0,좌,합계,115919,149,6260,13815,17113,18752,23299,13857,11191,6168,3605,1083,434,134,51,8
2020,기타,좌,남자,22450,2,141,333,529,653,1186,1441,2040,2170,3155,2444,3339,2348,1998,671
2020,기타,좌,여자,16546,3,143,220,249,305,679,677,1223,1337,2311,1798,2737,1978,1811,1075
2020,기타,좌,합계,38996,5,284,553,778,958,1865,2118,3263,3507,5466,4242,6076,4326,3809,1746
2020,소계,우,남자,7598837,8186,220239,569252,721283,750986,927955,831266,932565,750586,772948,441189,366252,175310,106841,23979
2020,소계,우,여자,6858185,4834,301798,515835,502951,446718,716905,677524,906023,739234,836511,456538,390258,197116,127750,38190
2020,소계,우,합계,14457022,13020,522037,1085087,1224234,1197704,1644860,1508790,1838588,1489820,1609459,897727,756510,372426,234591,62169
2020,0.1 이하,우,남자,54703,79,1982,3081,3003,2622,3609,3699,4673,4228,5864,4708,6307,4707,4407,1734
2020,0.1 이하,우,여자,86298,71,5385,5675,4345,2754,4626,5129,6953,5865,9484,7458,9517,7354,7003,4679
2020,0.1 이하,우,합계,141001,150,7367,8756,7348,5376,8235,8828,11626,10093,15348,12166,15824,12061,11410,6413
